player,market,bookmaker,side,line,price,home_team,away_team,game_id,commence_time
Dyson Daniels,player_assists,Underdog,Over,2.5,-137,Charlotte Hornets,Atlanta Hawks,618d92be3ea6080d179e501aebc7f971,2024-11-30T23:10:00Z
Dyson Daniels,player_assists,Underdog,Under,2.5,-137,Charlotte Hornets,Atlanta Hawks,618d92be3ea6080d179e501aebc7f971,2024-11-30T23:10:00Z
Vasilije Micic,player_assists,Underdog,Over,6.5,-137,Charlotte Hornets,Atlanta Hawks,618d92be3ea6080d179e501aebc7f971,2024-11-30T23:10:00Z
Vasilije Micic,player_assists,Underdog,Under,6.5,-137,Charlotte Hornets,Atlanta Hawks,618d92be3ea6080d179e501aebc7f971,2024-11-30T23:10:00Z
Trae Young,player_points,Underdog,Over,22.5,-137,Charlotte Hornets,Atlanta Hawks,618d92be3ea6080d179e501aebc7f971,2024-11-30T23:10:00Z
Trae Young,player_points,Underdog,Under,22.5,-137,Charlotte Hornets,Atlanta Hawks,618d92be3ea6080d179e501aebc7f971,2024-11-30T23:10:00Z
Brandon Miller,player_points,Underdog,Over,26.5,-137,Charlotte Hornets,Atlanta Hawks,618d92be3ea6080d179e501aebc7f971,2024-11-30T23:10:00Z
Brandon Miller,player_points,Underdog,Under,26.5,-137,Charlotte Hornets,Atlanta Hawks,618d92be3ea6080d179e501aebc7f971,2024-11-30T23:10:00Z
Bogdan Bogdanovic,player_points,Underdog,Over,11.5,-137,Charlotte Hornets,Atlanta Hawks,618d92be3ea6080d179e501aebc7f971,2024-11-30T23:10:00Z
Bogdan Bogdanovic,player_points,Underdog,Under,11.5,-137,Charlotte Hornets,Atlanta Hawks,618d92be3ea6080d179e501aebc7f971,2024-11-30T23:10:00Z
De'Andre Hunter,player_points,Underdog,Over,15.5,-137,Charlotte Hornets,Atlanta Hawks,618d92be3ea6080d179e501aebc7f971,2024-11-30T23:10:00Z
De'Andre Hunter,player_points,Underdog,Under,15.5,-137,Charlotte Hornets,Atlanta Hawks,618d92be3ea6080d179e501aebc7f971,2024-11-30T23:10:00Z
Cody Martin,player_points,Underdog,Over,9.5,-137,Charlotte Hornets,Atlanta Hawks,618d92be3ea6080d179e501aebc7f971,2024-11-30T23:10:00Z
Cody Martin,player_points,Underdog,Under,9.5,-137,Charlotte Hornets,Atlanta Hawks,618d92be3ea6080d179e501aebc7f971,2024-11-30T23:10:00Z
Tidjane Salaun,player_points,Underdog,Over,13.5,-137,Charlotte Hornets,Atlanta Hawks,618d92be3ea6080d179e501aebc7f971,2024-11-30T23:10:00Z
Tidjane Salaun,player_points,Underdog,Under,13.5,-137,Charlotte Hornets,Atlanta Hawks,618d92be3ea6080d179e501aebc7f971,2024-11-30T23:10:00Z
Vasilije Micic,player_points,Underdog,Over,12.5,-137,Charlotte Hornets,Atlanta Hawks,618d92be3ea6080d179e501aebc7f971,2024-11-30T23:10:00Z
Vasilije Micic,player_points,Underdog,Under,12.5,-137,Charlotte Hornets,Atlanta Hawks,618d92be3ea6080d179e501aebc7f971,2024-11-30T23:10:00Z
Jalen Johnson,player_rebounds,Underdog,Over,9.5,-137,Charlotte Hornets,Atlanta Hawks,618d92be3ea6080d179e501aebc7f971,2024-11-30T23:10:00Z
Jalen Johnson,player_rebounds,Underdog,Under,9.5,-137,Charlotte Hornets,Atlanta Hawks,618d92be3ea6080d179e501aebc7f971,2024-11-30T23:10:00Z
Onyeka Okongwu,player_rebounds,Underdog,Over,6.5,-137,Charlotte Hornets,Atlanta Hawks,618d92be3ea6080d179e501aebc7f971,2024-11-30T23:10:00Z
Onyeka Okongwu,player_rebounds,Underdog,Under,6.5,-137,Charlotte Hornets,Atlanta Hawks,618d92be3ea6080d179e501aebc7f971,2024-11-30T23:10:00Z
Brandon Miller,player_assists,PrizePicks,Over,4.0,-137,Charlotte Hornets,Atlanta Hawks,618d92be3ea6080d179e501aebc7f971,2024-11-30T23:10:00Z
Brandon Miller,player_assists,PrizePicks,Under,4.0,-137,Charlotte Hornets,Atlanta Hawks,618d92be3ea6080d179e501aebc7f971,2024-11-30T23:10:00Z
Trae Young,player_assists,PrizePicks,Over,11.5,-137,Charlotte Hornets,Atlanta Hawks,618d92be3ea6080d179e501aebc7f971,2024-11-30T23:10:00Z
Trae Young,player_assists,PrizePicks,Under,11.5,-137,Charlotte Hornets,Atlanta Hawks,618d92be3ea6080d179e501aebc7f971,2024-11-30T23:10:00Z
Vasilije Micic,player_assists,PrizePicks,Over,6.5,-137,Charlotte Hornets,Atlanta Hawks,618d92be3ea6080d179e501aebc7f971,2024-11-30T23:10:00Z
Vasilije Micic,player_assists,PrizePicks,Under,6.5,-137,Charlotte Hornets,Atlanta Hawks,618d92be3ea6080d179e501aebc7f971,2024-11-30T23:10:00Z
Clint Capela,player_points,PrizePicks,Over,10.0,-137,Charlotte Hornets,Atlanta Hawks,618d92be3ea6080d179e501aebc7f971,2024-11-30T23:10:00Z
Clint Capela,player_points,PrizePicks,Under,10.0,-137,Charlotte Hornets,Atlanta Hawks,618d92be3ea6080d179e501aebc7f971,2024-11-30T23:10:00Z
Brandon Miller,player_points,PrizePicks,Over,26.5,-137,Charlotte Hornets,Atlanta Hawks,618d92be3ea6080d179e501aebc7f971,2024-11-30T23:10:00Z
Brandon Miller,player_points,PrizePicks,Under,26.5,-137,Charlotte Hornets,Atlanta Hawks,618d92be3ea6080d179e501aebc7f971,2024-11-30T23:10:00Z
Jalen Johnson,player_points,PrizePicks,Over,18.5,-137,Charlotte Hornets,Atlanta Hawks,618d92be3ea6080d179e501aebc7f971,2024-11-30T23:10:00Z
Jalen Johnson,player_points,PrizePicks,Under,18.5,-137,Charlotte Hornets,Atlanta Hawks,618d92be3ea6080d179e501aebc7f971,2024-11-30T23:10:00Z
Trae Young,player_points,PrizePicks,Over,22.5,-137,Charlotte Hornets,Atlanta Hawks,618d92be3ea6080d179e501aebc7f971,2024-11-30T23:10:00Z
Trae Young,player_points,PrizePicks,Under,22.5,-137,Charlotte Hornets,Atlanta Hawks,618d92be3ea6080d179e501aebc7f971,2024-11-30T23:10:00Z
Cody Martin,player_points,PrizePicks,Over,9.5,-137,Charlotte Hornets,Atlanta Hawks,618d92be3ea6080d179e501aebc7f971,2024-11-30T23:10:00Z
Cody Martin,player_points,PrizePicks,Under,9.5,-137,Charlotte Hornets,Atlanta Hawks,618d92be3ea6080d179e501aebc7f971,2024-11-30T23:10:00Z
Josh Green,player_points,PrizePicks,Over,10.5,-137,Charlotte Hornets,Atlanta Hawks,618d92be3ea6080d179e501aebc7f971,2024-11-30T23:10:00Z
Josh Green,player_points,PrizePicks,Under,10.5,-137,Charlotte Hornets,Atlanta Hawks,618d92be3ea6080d179e501aebc7f971,2024-11-30T23:10:00Z
Bogdan Bogdanovic,player_points,PrizePicks,Over,11.5,-137,Charlotte Hornets,Atlanta Hawks,618d92be3ea6080d179e501aebc7f971,2024-11-30T23:10:00Z
Bogdan Bogdanovic,player_points,PrizePicks,Under,11.5,-137,Charlotte Hornets,Atlanta Hawks,618d92be3ea6080d179e501aebc7f971,2024-11-30T23:10:00Z
Tidjane Salaun,player_points,PrizePicks,Over,13.5,-137,Charlotte Hornets,Atlanta Hawks,618d92be3ea6080d179e501aebc7f971,2024-11-30T23:10:00Z
Tidjane Salaun,player_points,PrizePicks,Under,13.5,-137,Charlotte Hornets,Atlanta Hawks,618d92be3ea6080d179e501aebc7f971,2024-11-30T23:10:00Z
De'Andre Hunter,player_points,PrizePicks,Over,15.5,-137,Charlotte Hornets,Atlanta Hawks,618d92be3ea6080d179e501aebc7f971,2024-11-30T23:10:00Z
De'Andre Hunter,player_points,PrizePicks,Under,15.5,-137,Charlotte Hornets,Atlanta Hawks,618d92be3ea6080d179e501aebc7f971,2024-11-30T23:10:00Z
Vasilije Micic,player_points,PrizePicks,Over,12.5,-137,Charlotte Hornets,Atlanta Hawks,618d92be3ea6080d179e501aebc7f971,2024-11-30T23:10:00Z
Vasilije Micic,player_points,PrizePicks,Under,12.5,-137,Charlotte Hornets,Atlanta Hawks,618d92be3ea6080d179e501aebc7f971,2024-11-30T23:10:00Z
Dyson Daniels,player_points,PrizePicks,Over,12.0,-137,Charlotte Hornets,Atlanta Hawks,618d92be3ea6080d179e501aebc7f971,2024-11-30T23:10:00Z
Dyson Daniels,player_points,PrizePicks,Under,12.0,-137,Charlotte Hornets,Atlanta Hawks,618d92be3ea6080d179e501aebc7f971,2024-11-30T23:10:00Z
Zaccharie Risacher,player_points,PrizePicks,Over,8.5,-137,Charlotte Hornets,Atlanta Hawks,618d92be3ea6080d179e501aebc7f971,2024-11-30T23:10:00Z
Zaccharie Risacher,player_points,PrizePicks,Under,8.5,-137,Charlotte Hornets,Atlanta Hawks,618d92be3ea6080d179e501aebc7f971,2024-11-30T23:10:00Z
Onyeka Okongwu,player_points,PrizePicks,Over,9.5,-137,Charlotte Hornets,Atlanta Hawks,618d92be3ea6080d179e501aebc7f971,2024-11-30T23:10:00Z
Onyeka Okongwu,player_points,PrizePicks,Under,9.5,-137,Charlotte Hornets,Atlanta Hawks,618d92be3ea6080d179e501aebc7f971,2024-11-30T23:10:00Z
Clint Capela,player_rebounds,PrizePicks,Over,9.5,-137,Charlotte Hornets,Atlanta Hawks,618d92be3ea6080d179e501aebc7f971,2024-11-30T23:10:00Z
Clint Capela,player_rebounds,PrizePicks,Under,9.5,-137,Charlotte Hornets,Atlanta Hawks,618d92be3ea6080d179e501aebc7f971,2024-11-30T23:10:00Z
Brandon Miller,player_rebounds,PrizePicks,Over,5.5,-137,Charlotte Hornets,Atlanta Hawks,618d92be3ea6080d179e501aebc7f971,2024-11-30T23:10:00Z
Brandon Miller,player_rebounds,PrizePicks,Under,5.5,-137,Charlotte Hornets,Atlanta Hawks,618d92be3ea6080d179e501aebc7f971,2024-11-30T23:10:00Z
Dyson Daniels,player_rebounds,PrizePicks,Over,5.0,-137,Charlotte Hornets,Atlanta Hawks,618d92be3ea6080d179e501aebc7f971,2024-11-30T23:10:00Z
Dyson Daniels,player_rebounds,PrizePicks,Under,5.0,-137,Charlotte Hornets,Atlanta Hawks,618d92be3ea6080d179e501aebc7f971,2024-11-30T23:10:00Z
Onyeka Okongwu,player_rebounds,PrizePicks,Over,6.5,-137,Charlotte Hornets,Atlanta Hawks,618d92be3ea6080d179e501aebc7f971,2024-11-30T23:10:00Z
Onyeka Okongwu,player_rebounds,PrizePicks,Under,6.5,-137,Charlotte Hornets,Atlanta Hawks,618d92be3ea6080d179e501aebc7f971,2024-11-30T23:10:00Z
Isaiah Stewart II,player_assists,Underdog,Over,1.5,-137,Detroit Pistons,Philadelphia 76ers,b34338e9f9ac81db22c012514c338784,2024-12-01T00:10:00Z
Isaiah Stewart II,player_assists,Underdog,Under,1.5,-137,Detroit Pistons,Philadelphia 76ers,b34338e9f9ac81db22c012514c338784,2024-12-01T00:10:00Z
Paul George,player_points,Underdog,Over,17.5,-137,Detroit Pistons,Philadelphia 76ers,b34338e9f9ac81db22c012514c338784,2024-12-01T00:10:00Z
Paul George,player_points,Underdog,Under,17.5,-137,Detroit Pistons,Philadelphia 76ers,b34338e9f9ac81db22c012514c338784,2024-12-01T00:10:00Z
Cade Cunningham,player_points,Underdog,Over,22.5,-137,Detroit Pistons,Philadelphia 76ers,b34338e9f9ac81db22c012514c338784,2024-12-01T00:10:00Z
Cade Cunningham,player_points,Underdog,Under,22.5,-137,Detroit Pistons,Philadelphia 76ers,b34338e9f9ac81db22c012514c338784,2024-12-01T00:10:00Z
Tyrese Maxey,player_points,Underdog,Over,25.5,-137,Detroit Pistons,Philadelphia 76ers,b34338e9f9ac81db22c012514c338784,2024-12-01T00:10:00Z
Tyrese Maxey,player_points,Underdog,Under,25.5,-137,Detroit Pistons,Philadelphia 76ers,b34338e9f9ac81db22c012514c338784,2024-12-01T00:10:00Z
Jaden Ivey,player_points,Underdog,Over,16.5,-137,Detroit Pistons,Philadelphia 76ers,b34338e9f9ac81db22c012514c338784,2024-12-01T00:10:00Z
Jaden Ivey,player_points,Underdog,Under,16.5,-137,Detroit Pistons,Philadelphia 76ers,b34338e9f9ac81db22c012514c338784,2024-12-01T00:10:00Z
Tobias Harris,player_points,Underdog,Over,13.5,-137,Detroit Pistons,Philadelphia 76ers,b34338e9f9ac81db22c012514c338784,2024-12-01T00:10:00Z
Tobias Harris,player_points,Underdog,Under,13.5,-137,Detroit Pistons,Philadelphia 76ers,b34338e9f9ac81db22c012514c338784,2024-12-01T00:10:00Z
Malik Beasley,player_points,Underdog,Over,13.5,-137,Detroit Pistons,Philadelphia 76ers,b34338e9f9ac81db22c012514c338784,2024-12-01T00:10:00Z
Malik Beasley,player_points,Underdog,Under,13.5,-137,Detroit Pistons,Philadelphia 76ers,b34338e9f9ac81db22c012514c338784,2024-12-01T00:10:00Z
Tim Hardaway Jr,player_points,Underdog,Over,9.5,-137,Detroit Pistons,Philadelphia 76ers,b34338e9f9ac81db22c012514c338784,2024-12-01T00:10:00Z
Tim Hardaway Jr,player_points,Underdog,Under,9.5,-137,Detroit Pistons,Philadelphia 76ers,b34338e9f9ac81db22c012514c338784,2024-12-01T00:10:00Z
Jared McCain,player_points,Underdog,Over,20.5,-137,Detroit Pistons,Philadelphia 76ers,b34338e9f9ac81db22c012514c338784,2024-12-01T00:10:00Z
Jared McCain,player_points,Underdog,Under,20.5,-137,Detroit Pistons,Philadelphia 76ers,b34338e9f9ac81db22c012514c338784,2024-12-01T00:10:00Z
Simone Fontecchio,player_points,Underdog,Over,5.5,-137,Detroit Pistons,Philadelphia 76ers,b34338e9f9ac81db22c012514c338784,2024-12-01T00:10:00Z
Simone Fontecchio,player_points,Underdog,Under,5.5,-137,Detroit Pistons,Philadelphia 76ers,b34338e9f9ac81db22c012514c338784,2024-12-01T00:10:00Z
Jalen Duren,player_rebounds,Underdog,Over,10.5,-137,Detroit Pistons,Philadelphia 76ers,b34338e9f9ac81db22c012514c338784,2024-12-01T00:10:00Z
Jalen Duren,player_rebounds,Underdog,Under,10.5,-137,Detroit Pistons,Philadelphia 76ers,b34338e9f9ac81db22c012514c338784,2024-12-01T00:10:00Z
Malik Beasley,player_rebounds,Underdog,Over,2.5,-137,Detroit Pistons,Philadelphia 76ers,b34338e9f9ac81db22c012514c338784,2024-12-01T00:10:00Z
Malik Beasley,player_rebounds,Underdog,Under,2.5,-137,Detroit Pistons,Philadelphia 76ers,b34338e9f9ac81db22c012514c338784,2024-12-01T00:10:00Z
Caleb Martin,player_rebounds,Underdog,Over,4.5,-137,Detroit Pistons,Philadelphia 76ers,b34338e9f9ac81db22c012514c338784,2024-12-01T00:10:00Z
Caleb Martin,player_rebounds,Underdog,Under,4.5,-137,Detroit Pistons,Philadelphia 76ers,b34338e9f9ac81db22c012514c338784,2024-12-01T00:10:00Z
Cade Cunningham,player_assists,PrizePicks,Over,8.5,-137,Detroit Pistons,Philadelphia 76ers,b34338e9f9ac81db22c012514c338784,2024-12-01T00:10:00Z
Cade Cunningham,player_assists,PrizePicks,Under,8.5,-137,Detroit Pistons,Philadelphia 76ers,b34338e9f9ac81db22c012514c338784,2024-12-01T00:10:00Z
Jaden Ivey,player_assists,PrizePicks,Over,4.0,-137,Detroit Pistons,Philadelphia 76ers,b34338e9f9ac81db22c012514c338784,2024-12-01T00:10:00Z
Jaden Ivey,player_assists,PrizePicks,Under,4.0,-137,Detroit Pistons,Philadelphia 76ers,b34338e9f9ac81db22c012514c338784,2024-12-01T00:10:00Z
Jared McCain,player_assists,PrizePicks,Over,4.0,-137,Detroit Pistons,Philadelphia 76ers,b34338e9f9ac81db22c012514c338784,2024-12-01T00:10:00Z
Jared McCain,player_assists,PrizePicks,Under,4.0,-137,Detroit Pistons,Philadelphia 76ers,b34338e9f9ac81db22c012514c338784,2024-12-01T00:10:00Z
Paul George,player_assists,PrizePicks,Over,4.0,-137,Detroit Pistons,Philadelphia 76ers,b34338e9f9ac81db22c012514c338784,2024-12-01T00:10:00Z
Paul George,player_assists,PrizePicks,Under,4.0,-137,Detroit Pistons,Philadelphia 76ers,b34338e9f9ac81db22c012514c338784,2024-12-01T00:10:00Z
Tyrese Maxey,player_assists,PrizePicks,Over,5.0,-137,Detroit Pistons,Philadelphia 76ers,b34338e9f9ac81db22c012514c338784,2024-12-01T00:10:00Z
Tyrese Maxey,player_assists,PrizePicks,Under,5.0,-137,Detroit Pistons,Philadelphia 76ers,b34338e9f9ac81db22c012514c338784,2024-12-01T00:10:00Z
Cade Cunningham,player_points,PrizePicks,Over,21.5,-137,Detroit Pistons,Philadelphia 76ers,b34338e9f9ac81db22c012514c338784,2024-12-01T00:10:00Z
Cade Cunningham,player_points,PrizePicks,Under,21.5,-137,Detroit Pistons,Philadelphia 76ers,b34338e9f9ac81db22c012514c338784,2024-12-01T00:10:00Z
Caleb Martin,player_points,PrizePicks,Over,9.0,-137,Detroit Pistons,Philadelphia 76ers,b34338e9f9ac81db22c012514c338784,2024-12-01T00:10:00Z
Caleb Martin,player_points,PrizePicks,Under,9.0,-137,Detroit Pistons,Philadelphia 76ers,b34338e9f9ac81db22c012514c338784,2024-12-01T00:10:00Z
Jaden Ivey,player_points,PrizePicks,Over,16.5,-137,Detroit Pistons,Philadelphia 76ers,b34338e9f9ac81db22c012514c338784,2024-12-01T00:10:00Z
Jaden Ivey,player_points,PrizePicks,Under,16.5,-137,Detroit Pistons,Philadelphia 76ers,b34338e9f9ac81db22c012514c338784,2024-12-01T00:10:00Z
Jared McCain,player_points,PrizePicks,Over,20.5,-137,Detroit Pistons,Philadelphia 76ers,b34338e9f9ac81db22c012514c338784,2024-12-01T00:10:00Z
Jared McCain,player_points,PrizePicks,Under,20.5,-137,Detroit Pistons,Philadelphia 76ers,b34338e9f9ac81db22c012514c338784,2024-12-01T00:10:00Z
Jalen Duren,player_points,PrizePicks,Over,10.0,-137,Detroit Pistons,Philadelphia 76ers,b34338e9f9ac81db22c012514c338784,2024-12-01T00:10:00Z
Jalen Duren,player_points,PrizePicks,Under,10.0,-137,Detroit Pistons,Philadelphia 76ers,b34338e9f9ac81db22c012514c338784,2024-12-01T00:10:00Z
Paul George,player_points,PrizePicks,Over,17.5,-137,Detroit Pistons,Philadelphia 76ers,b34338e9f9ac81db22c012514c338784,2024-12-01T00:10:00Z
Paul George,player_points,PrizePicks,Under,17.5,-137,Detroit Pistons,Philadelphia 76ers,b34338e9f9ac81db22c012514c338784,2024-12-01T00:10:00Z
Tim Hardaway Jr,player_points,PrizePicks,Over,9.5,-137,Detroit Pistons,Philadelphia 76ers,b34338e9f9ac81db22c012514c338784,2024-12-01T00:10:00Z
Tim Hardaway Jr,player_points,PrizePicks,Under,9.5,-137,Detroit Pistons,Philadelphia 76ers,b34338e9f9ac81db22c012514c338784,2024-12-01T00:10:00Z
Tyrese Maxey,player_points,PrizePicks,Over,25.5,-137,Detroit Pistons,Philadelphia 76ers,b34338e9f9ac81db22c012514c338784,2024-12-01T00:10:00Z
Tyrese Maxey,player_points,PrizePicks,Under,25.5,-137,Detroit Pistons,Philadelphia 76ers,b34338e9f9ac81db22c012514c338784,2024-12-01T00:10:00Z
Tobias Harris,player_points,PrizePicks,Over,13.5,-137,Detroit Pistons,Philadelphia 76ers,b34338e9f9ac81db22c012514c338784,2024-12-01T00:10:00Z
Tobias Harris,player_points,PrizePicks,Under,13.5,-137,Detroit Pistons,Philadelphia 76ers,b34338e9f9ac81db22c012514c338784,2024-12-01T00:10:00Z
Guerschon Yabusele,player_points,PrizePicks,Over,10.5,-137,Detroit Pistons,Philadelphia 76ers,b34338e9f9ac81db22c012514c338784,2024-12-01T00:10:00Z
Guerschon Yabusele,player_points,PrizePicks,Under,10.5,-137,Detroit Pistons,Philadelphia 76ers,b34338e9f9ac81db22c012514c338784,2024-12-01T00:10:00Z
Malik Beasley,player_points,PrizePicks,Over,13.5,-137,Detroit Pistons,Philadelphia 76ers,b34338e9f9ac81db22c012514c338784,2024-12-01T00:10:00Z
Malik Beasley,player_points,PrizePicks,Under,13.5,-137,Detroit Pistons,Philadelphia 76ers,b34338e9f9ac81db22c012514c338784,2024-12-01T00:10:00Z
Cade Cunningham,player_rebounds,PrizePicks,Over,6.0,-137,Detroit Pistons,Philadelphia 76ers,b34338e9f9ac81db22c012514c338784,2024-12-01T00:10:00Z
Cade Cunningham,player_rebounds,PrizePicks,Under,6.0,-137,Detroit Pistons,Philadelphia 76ers,b34338e9f9ac81db22c012514c338784,2024-12-01T00:10:00Z
Jalen Duren,player_rebounds,PrizePicks,Over,10.5,-137,Detroit Pistons,Philadelphia 76ers,b34338e9f9ac81db22c012514c338784,2024-12-01T00:10:00Z
Jalen Duren,player_rebounds,PrizePicks,Under,10.5,-137,Detroit Pistons,Philadelphia 76ers,b34338e9f9ac81db22c012514c338784,2024-12-01T00:10:00Z
Paul George,player_rebounds,PrizePicks,Over,5.0,-137,Detroit Pistons,Philadelphia 76ers,b34338e9f9ac81db22c012514c338784,2024-12-01T00:10:00Z
Paul George,player_rebounds,PrizePicks,Under,5.0,-137,Detroit Pistons,Philadelphia 76ers,b34338e9f9ac81db22c012514c338784,2024-12-01T00:10:00Z
Tobias Harris,player_rebounds,PrizePicks,Over,6.5,-137,Detroit Pistons,Philadelphia 76ers,b34338e9f9ac81db22c012514c338784,2024-12-01T00:10:00Z
Tobias Harris,player_rebounds,PrizePicks,Under,6.5,-137,Detroit Pistons,Philadelphia 76ers,b34338e9f9ac81db22c012514c338784,2024-12-01T00:10:00Z
Brook Lopez,player_assists,Underdog,Over,1.5,-137,Milwaukee Bucks,Washington Wizards,e34e658b91c8b7cec8596408592450bb,2024-12-01T01:10:00Z
Brook Lopez,player_assists,Underdog,Under,1.5,-137,Milwaukee Bucks,Washington Wizards,e34e658b91c8b7cec8596408592450bb,2024-12-01T01:10:00Z
Giannis Antetokounmpo,player_points,Underdog,Over,31.5,-137,Milwaukee Bucks,Washington Wizards,e34e658b91c8b7cec8596408592450bb,2024-12-01T01:10:00Z
Giannis Antetokounmpo,player_points,Underdog,Under,31.5,-137,Milwaukee Bucks,Washington Wizards,e34e658b91c8b7cec8596408592450bb,2024-12-01T01:10:00Z
Damian Lillard,player_points,Underdog,Over,24.5,-137,Milwaukee Bucks,Washington Wizards,e34e658b91c8b7cec8596408592450bb,2024-12-01T01:10:00Z
Damian Lillard,player_points,Underdog,Under,24.5,-137,Milwaukee Bucks,Washington Wizards,e34e658b91c8b7cec8596408592450bb,2024-12-01T01:10:00Z
Alex Sarr,player_points,Underdog,Over,10.5,-137,Milwaukee Bucks,Washington Wizards,e34e658b91c8b7cec8596408592450bb,2024-12-01T01:10:00Z
Alex Sarr,player_points,Underdog,Under,10.5,-137,Milwaukee Bucks,Washington Wizards,e34e658b91c8b7cec8596408592450bb,2024-12-01T01:10:00Z
Brook Lopez,player_points,Underdog,Over,12.5,-137,Milwaukee Bucks,Washington Wizards,e34e658b91c8b7cec8596408592450bb,2024-12-01T01:10:00Z
Brook Lopez,player_points,Underdog,Under,12.5,-137,Milwaukee Bucks,Washington Wizards,e34e658b91c8b7cec8596408592450bb,2024-12-01T01:10:00Z
Jonas Valanciunas,player_points,Underdog,Over,10.5,-137,Milwaukee Bucks,Washington Wizards,e34e658b91c8b7cec8596408592450bb,2024-12-01T01:10:00Z
Jonas Valanciunas,player_points,Underdog,Under,10.5,-137,Milwaukee Bucks,Washington Wizards,e34e658b91c8b7cec8596408592450bb,2024-12-01T01:10:00Z
Corey Kispert,player_points,Underdog,Over,11.5,-137,Milwaukee Bucks,Washington Wizards,e34e658b91c8b7cec8596408592450bb,2024-12-01T01:10:00Z
Corey Kispert,player_points,Underdog,Under,11.5,-137,Milwaukee Bucks,Washington Wizards,e34e658b91c8b7cec8596408592450bb,2024-12-01T01:10:00Z
Gary Trent Jr,player_points,Underdog,Over,10.5,-137,Milwaukee Bucks,Washington Wizards,e34e658b91c8b7cec8596408592450bb,2024-12-01T01:10:00Z
Gary Trent Jr,player_points,Underdog,Under,10.5,-137,Milwaukee Bucks,Washington Wizards,e34e658b91c8b7cec8596408592450bb,2024-12-01T01:10:00Z
Malcolm Brogdon,player_points,Underdog,Over,14.5,-137,Milwaukee Bucks,Washington Wizards,e34e658b91c8b7cec8596408592450bb,2024-12-01T01:10:00Z
Malcolm Brogdon,player_points,Underdog,Under,14.5,-137,Milwaukee Bucks,Washington Wizards,e34e658b91c8b7cec8596408592450bb,2024-12-01T01:10:00Z
Carlton Carrington,player_points,Underdog,Over,7.5,-137,Milwaukee Bucks,Washington Wizards,e34e658b91c8b7cec8596408592450bb,2024-12-01T01:10:00Z
Carlton Carrington,player_points,Underdog,Under,7.5,-137,Milwaukee Bucks,Washington Wizards,e34e658b91c8b7cec8596408592450bb,2024-12-01T01:10:00Z
Bilal Coulibaly,player_points,Underdog,Over,10.5,-137,Milwaukee Bucks,Washington Wizards,e34e658b91c8b7cec8596408592450bb,2024-12-01T01:10:00Z
Bilal Coulibaly,player_points,Underdog,Under,10.5,-137,Milwaukee Bucks,Washington Wizards,e34e658b91c8b7cec8596408592450bb,2024-12-01T01:10:00Z
Taurean Prince,player_points,Underdog,Over,7.5,-137,Milwaukee Bucks,Washington Wizards,e34e658b91c8b7cec8596408592450bb,2024-12-01T01:10:00Z
Taurean Prince,player_points,Underdog,Under,7.5,-137,Milwaukee Bucks,Washington Wizards,e34e658b91c8b7cec8596408592450bb,2024-12-01T01:10:00Z
Kyshawn George,player_points,Underdog,Over,9.5,-137,Milwaukee Bucks,Washington Wizards,e34e658b91c8b7cec8596408592450bb,2024-12-01T01:10:00Z
Kyshawn George,player_points,Underdog,Under,9.5,-137,Milwaukee Bucks,Washington Wizards,e34e658b91c8b7cec8596408592450bb,2024-12-01T01:10:00Z
Andre Jackson Jr,player_points,Underdog,Over,4.5,-137,Milwaukee Bucks,Washington Wizards,e34e658b91c8b7cec8596408592450bb,2024-12-01T01:10:00Z
Andre Jackson Jr,player_points,Underdog,Under,4.5,-137,Milwaukee Bucks,Washington Wizards,e34e658b91c8b7cec8596408592450bb,2024-12-01T01:10:00Z
A.J. Green,player_points,Underdog,Over,7.5,-137,Milwaukee Bucks,Washington Wizards,e34e658b91c8b7cec8596408592450bb,2024-12-01T01:10:00Z
A.J. Green,player_points,Underdog,Under,7.5,-137,Milwaukee Bucks,Washington Wizards,e34e658b91c8b7cec8596408592450bb,2024-12-01T01:10:00Z
Giannis Antetokounmpo,player_rebounds,Underdog,Over,12.5,-137,Milwaukee Bucks,Washington Wizards,e34e658b91c8b7cec8596408592450bb,2024-12-01T01:10:00Z
Giannis Antetokounmpo,player_rebounds,Underdog,Under,12.5,-137,Milwaukee Bucks,Washington Wizards,e34e658b91c8b7cec8596408592450bb,2024-12-01T01:10:00Z
Bobby Portis,player_rebounds,Underdog,Over,7.5,-137,Milwaukee Bucks,Washington Wizards,e34e658b91c8b7cec8596408592450bb,2024-12-01T01:10:00Z
Bobby Portis,player_rebounds,Underdog,Under,7.5,-137,Milwaukee Bucks,Washington Wizards,e34e658b91c8b7cec8596408592450bb,2024-12-01T01:10:00Z
Carlton Carrington,player_rebounds,Underdog,Over,2.5,-137,Milwaukee Bucks,Washington Wizards,e34e658b91c8b7cec8596408592450bb,2024-12-01T01:10:00Z
Carlton Carrington,player_rebounds,Underdog,Under,2.5,-137,Milwaukee Bucks,Washington Wizards,e34e658b91c8b7cec8596408592450bb,2024-12-01T01:10:00Z
Kyshawn George,player_rebounds,Underdog,Over,4.5,-137,Milwaukee Bucks,Washington Wizards,e34e658b91c8b7cec8596408592450bb,2024-12-01T01:10:00Z
Kyshawn George,player_rebounds,Underdog,Under,4.5,-137,Milwaukee Bucks,Washington Wizards,e34e658b91c8b7cec8596408592450bb,2024-12-01T01:10:00Z
A.J. Green,player_rebounds,Underdog,Over,2.5,-137,Milwaukee Bucks,Washington Wizards,e34e658b91c8b7cec8596408592450bb,2024-12-01T01:10:00Z
A.J. Green,player_rebounds,Underdog,Under,2.5,-137,Milwaukee Bucks,Washington Wizards,e34e658b91c8b7cec8596408592450bb,2024-12-01T01:10:00Z
Andre Jackson Jr,player_assists,PrizePicks,Over,1.5,-137,Milwaukee Bucks,Washington Wizards,e34e658b91c8b7cec8596408592450bb,2024-12-01T01:10:00Z
Andre Jackson Jr,player_assists,PrizePicks,Under,1.5,-137,Milwaukee Bucks,Washington Wizards,e34e658b91c8b7cec8596408592450bb,2024-12-01T01:10:00Z
Damian Lillard,player_assists,PrizePicks,Over,7.5,-137,Milwaukee Bucks,Washington Wizards,e34e658b91c8b7cec8596408592450bb,2024-12-01T01:10:00Z
Damian Lillard,player_assists,PrizePicks,Under,7.5,-137,Milwaukee Bucks,Washington Wizards,e34e658b91c8b7cec8596408592450bb,2024-12-01T01:10:00Z
Jordan Poole,player_assists,PrizePicks,Over,5.0,-137,Milwaukee Bucks,Washington Wizards,e34e658b91c8b7cec8596408592450bb,2024-12-01T01:10:00Z
Jordan Poole,player_assists,PrizePicks,Under,5.0,-137,Milwaukee Bucks,Washington Wizards,e34e658b91c8b7cec8596408592450bb,2024-12-01T01:10:00Z
Giannis Antetokounmpo,player_assists,PrizePicks,Over,6.0,-137,Milwaukee Bucks,Washington Wizards,e34e658b91c8b7cec8596408592450bb,2024-12-01T01:10:00Z
Giannis Antetokounmpo,player_assists,PrizePicks,Under,6.0,-137,Milwaukee Bucks,Washington Wizards,e34e658b91c8b7cec8596408592450bb,2024-12-01T01:10:00Z
Malcolm Brogdon,player_assists,PrizePicks,Over,4.0,-137,Milwaukee Bucks,Washington Wizards,e34e658b91c8b7cec8596408592450bb,2024-12-01T01:10:00Z
Malcolm Brogdon,player_assists,PrizePicks,Under,4.0,-137,Milwaukee Bucks,Washington Wizards,e34e658b91c8b7cec8596408592450bb,2024-12-01T01:10:00Z
Alex Sarr,player_points,PrizePicks,Over,10.5,-137,Milwaukee Bucks,Washington Wizards,e34e658b91c8b7cec8596408592450bb,2024-12-01T01:10:00Z
Alex Sarr,player_points,PrizePicks,Under,10.5,-137,Milwaukee Bucks,Washington Wizards,e34e658b91c8b7cec8596408592450bb,2024-12-01T01:10:00Z
Bobby Portis,player_points,PrizePicks,Over,12.5,-137,Milwaukee Bucks,Washington Wizards,e34e658b91c8b7cec8596408592450bb,2024-12-01T01:10:00Z
Bobby Portis,player_points,PrizePicks,Under,12.5,-137,Milwaukee Bucks,Washington Wizards,e34e658b91c8b7cec8596408592450bb,2024-12-01T01:10:00Z
Bilal Coulibaly,player_points,PrizePicks,Over,11.0,-137,Milwaukee Bucks,Washington Wizards,e34e658b91c8b7cec8596408592450bb,2024-12-01T01:10:00Z
Bilal Coulibaly,player_points,PrizePicks,Under,11.0,-137,Milwaukee Bucks,Washington Wizards,e34e658b91c8b7cec8596408592450bb,2024-12-01T01:10:00Z
Brook Lopez,player_points,PrizePicks,Over,12.5,-137,Milwaukee Bucks,Washington Wizards,e34e658b91c8b7cec8596408592450bb,2024-12-01T01:10:00Z
Brook Lopez,player_points,PrizePicks,Under,12.5,-137,Milwaukee Bucks,Washington Wizards,e34e658b91c8b7cec8596408592450bb,2024-12-01T01:10:00Z
Corey Kispert,player_points,PrizePicks,Over,11.5,-137,Milwaukee Bucks,Washington Wizards,e34e658b91c8b7cec8596408592450bb,2024-12-01T01:10:00Z
Corey Kispert,player_points,PrizePicks,Under,11.5,-137,Milwaukee Bucks,Washington Wizards,e34e658b91c8b7cec8596408592450bb,2024-12-01T01:10:00Z
Damian Lillard,player_points,PrizePicks,Over,25.5,-137,Milwaukee Bucks,Washington Wizards,e34e658b91c8b7cec8596408592450bb,2024-12-01T01:10:00Z
Damian Lillard,player_points,PrizePicks,Under,25.5,-137,Milwaukee Bucks,Washington Wizards,e34e658b91c8b7cec8596408592450bb,2024-12-01T01:10:00Z
Jordan Poole,player_points,PrizePicks,Over,20.0,-137,Milwaukee Bucks,Washington Wizards,e34e658b91c8b7cec8596408592450bb,2024-12-01T01:10:00Z
Jordan Poole,player_points,PrizePicks,Under,20.0,-137,Milwaukee Bucks,Washington Wizards,e34e658b91c8b7cec8596408592450bb,2024-12-01T01:10:00Z
Gary Trent Jr,player_points,PrizePicks,Over,10.5,-137,Milwaukee Bucks,Washington Wizards,e34e658b91c8b7cec8596408592450bb,2024-12-01T01:10:00Z
Gary Trent Jr,player_points,PrizePicks,Under,10.5,-137,Milwaukee Bucks,Washington Wizards,e34e658b91c8b7cec8596408592450bb,2024-12-01T01:10:00Z
Kyshawn George,player_points,PrizePicks,Over,9.5,-137,Milwaukee Bucks,Washington Wizards,e34e658b91c8b7cec8596408592450bb,2024-12-01T01:10:00Z
Kyshawn George,player_points,PrizePicks,Under,9.5,-137,Milwaukee Bucks,Washington Wizards,e34e658b91c8b7cec8596408592450bb,2024-12-01T01:10:00Z
Giannis Antetokounmpo,player_points,PrizePicks,Over,31.5,-137,Milwaukee Bucks,Washington Wizards,e34e658b91c8b7cec8596408592450bb,2024-12-01T01:10:00Z
Giannis Antetokounmpo,player_points,PrizePicks,Under,31.5,-137,Milwaukee Bucks,Washington Wizards,e34e658b91c8b7cec8596408592450bb,2024-12-01T01:10:00Z
Malcolm Brogdon,player_points,PrizePicks,Over,14.5,-137,Milwaukee Bucks,Washington Wizards,e34e658b91c8b7cec8596408592450bb,2024-12-01T01:10:00Z
Malcolm Brogdon,player_points,PrizePicks,Under,14.5,-137,Milwaukee Bucks,Washington Wizards,e34e658b91c8b7cec8596408592450bb,2024-12-01T01:10:00Z
Taurean Prince,player_points,PrizePicks,Over,7.5,-137,Milwaukee Bucks,Washington Wizards,e34e658b91c8b7cec8596408592450bb,2024-12-01T01:10:00Z
Taurean Prince,player_points,PrizePicks,Under,7.5,-137,Milwaukee Bucks,Washington Wizards,e34e658b91c8b7cec8596408592450bb,2024-12-01T01:10:00Z
Alex Sarr,player_rebounds,PrizePicks,Over,6.0,-137,Milwaukee Bucks,Washington Wizards,e34e658b91c8b7cec8596408592450bb,2024-12-01T01:10:00Z
Alex Sarr,player_rebounds,PrizePicks,Under,6.0,-137,Milwaukee Bucks,Washington Wizards,e34e658b91c8b7cec8596408592450bb,2024-12-01T01:10:00Z
Bobby Portis,player_rebounds,PrizePicks,Over,7.5,-137,Milwaukee Bucks,Washington Wizards,e34e658b91c8b7cec8596408592450bb,2024-12-01T01:10:00Z
Bobby Portis,player_rebounds,PrizePicks,Under,7.5,-137,Milwaukee Bucks,Washington Wizards,e34e658b91c8b7cec8596408592450bb,2024-12-01T01:10:00Z
Bilal Coulibaly,player_rebounds,PrizePicks,Over,5.0,-137,Milwaukee Bucks,Washington Wizards,e34e658b91c8b7cec8596408592450bb,2024-12-01T01:10:00Z
Bilal Coulibaly,player_rebounds,PrizePicks,Under,5.0,-137,Milwaukee Bucks,Washington Wizards,e34e658b91c8b7cec8596408592450bb,2024-12-01T01:10:00Z
Brook Lopez,player_rebounds,PrizePicks,Over,5.5,-137,Milwaukee Bucks,Washington Wizards,e34e658b91c8b7cec8596408592450bb,2024-12-01T01:10:00Z
Brook Lopez,player_rebounds,PrizePicks,Under,5.5,-137,Milwaukee Bucks,Washington Wizards,e34e658b91c8b7cec8596408592450bb,2024-12-01T01:10:00Z
Damian Lillard,player_rebounds,PrizePicks,Over,4.0,-137,Milwaukee Bucks,Washington Wizards,e34e658b91c8b7cec8596408592450bb,2024-12-01T01:10:00Z
Damian Lillard,player_rebounds,PrizePicks,Under,4.0,-137,Milwaukee Bucks,Washington Wizards,e34e658b91c8b7cec8596408592450bb,2024-12-01T01:10:00Z
Giannis Antetokounmpo,player_rebounds,PrizePicks,Over,12.5,-137,Milwaukee Bucks,Washington Wizards,e34e658b91c8b7cec8596408592450bb,2024-12-01T01:10:00Z
Giannis Antetokounmpo,player_rebounds,PrizePicks,Under,12.5,-137,Milwaukee Bucks,Washington Wizards,e34e658b91c8b7cec8596408592450bb,2024-12-01T01:10:00Z
Taurean Prince,player_rebounds,PrizePicks,Over,4.0,-137,Milwaukee Bucks,Washington Wizards,e34e658b91c8b7cec8596408592450bb,2024-12-01T01:10:00Z
Taurean Prince,player_rebounds,PrizePicks,Under,4.0,-137,Milwaukee Bucks,Washington Wizards,e34e658b91c8b7cec8596408592450bb,2024-12-01T01:10:00Z
Stephen Curry,player_assists,Underdog,Over,5.5,-137,Phoenix Suns,Golden State Warriors,24c5878202cb5d7e806d17ae27a1d17e,2024-12-01T02:10:00Z
Stephen Curry,player_assists,Underdog,Under,5.5,-137,Phoenix Suns,Golden State Warriors,24c5878202cb5d7e806d17ae27a1d17e,2024-12-01T02:10:00Z
Devin Booker,player_assists,Underdog,Over,6.5,-137,Phoenix Suns,Golden State Warriors,24c5878202cb5d7e806d17ae27a1d17e,2024-12-01T02:10:00Z
Devin Booker,player_assists,Underdog,Under,6.5,-137,Phoenix Suns,Golden State Warriors,24c5878202cb5d7e806d17ae27a1d17e,2024-12-01T02:10:00Z
Jusuf Nurkic,player_assists,Underdog,Over,1.5,-137,Phoenix Suns,Golden State Warriors,24c5878202cb5d7e806d17ae27a1d17e,2024-12-01T02:10:00Z
Jusuf Nurkic,player_assists,Underdog,Under,1.5,-137,Phoenix Suns,Golden State Warriors,24c5878202cb5d7e806d17ae27a1d17e,2024-12-01T02:10:00Z
Tyus Jones,player_assists,Underdog,Over,7.5,-137,Phoenix Suns,Golden State Warriors,24c5878202cb5d7e806d17ae27a1d17e,2024-12-01T02:10:00Z
Tyus Jones,player_assists,Underdog,Under,7.5,-137,Phoenix Suns,Golden State Warriors,24c5878202cb5d7e806d17ae27a1d17e,2024-12-01T02:10:00Z
Kevin Durant,player_points,Underdog,Over,24.5,-137,Phoenix Suns,Golden State Warriors,24c5878202cb5d7e806d17ae27a1d17e,2024-12-01T02:10:00Z
Kevin Durant,player_points,Underdog,Under,24.5,-137,Phoenix Suns,Golden State Warriors,24c5878202cb5d7e806d17ae27a1d17e,2024-12-01T02:10:00Z
Stephen Curry,player_points,Underdog,Over,24.5,-137,Phoenix Suns,Golden State Warriors,24c5878202cb5d7e806d17ae27a1d17e,2024-12-01T02:10:00Z
Stephen Curry,player_points,Underdog,Under,24.5,-137,Phoenix Suns,Golden State Warriors,24c5878202cb5d7e806d17ae27a1d17e,2024-12-01T02:10:00Z
Devin Booker,player_points,Underdog,Over,26.5,-137,Phoenix Suns,Golden State Warriors,24c5878202cb5d7e806d17ae27a1d17e,2024-12-01T02:10:00Z
Devin Booker,player_points,Underdog,Under,26.5,-137,Phoenix Suns,Golden State Warriors,24c5878202cb5d7e806d17ae27a1d17e,2024-12-01T02:10:00Z
Bradley Beal,player_points,Underdog,Over,16.5,-137,Phoenix Suns,Golden State Warriors,24c5878202cb5d7e806d17ae27a1d17e,2024-12-01T02:10:00Z
Bradley Beal,player_points,Underdog,Under,16.5,-137,Phoenix Suns,Golden State Warriors,24c5878202cb5d7e806d17ae27a1d17e,2024-12-01T02:10:00Z
Andrew Wiggins,player_points,Underdog,Over,17.5,-137,Phoenix Suns,Golden State Warriors,24c5878202cb5d7e806d17ae27a1d17e,2024-12-01T02:10:00Z
Andrew Wiggins,player_points,Underdog,Under,17.5,-137,Phoenix Suns,Golden State Warriors,24c5878202cb5d7e806d17ae27a1d17e,2024-12-01T02:10:00Z
Tyus Jones,player_points,Underdog,Over,10.5,-137,Phoenix Suns,Golden State Warriors,24c5878202cb5d7e806d17ae27a1d17e,2024-12-01T02:10:00Z
Tyus Jones,player_points,Underdog,Under,10.5,-137,Phoenix Suns,Golden State Warriors,24c5878202cb5d7e806d17ae27a1d17e,2024-12-01T02:10:00Z
Draymond Green,player_rebounds,Underdog,Over,6.5,-137,Phoenix Suns,Golden State Warriors,24c5878202cb5d7e806d17ae27a1d17e,2024-12-01T02:10:00Z
Draymond Green,player_rebounds,Underdog,Under,6.5,-137,Phoenix Suns,Golden State Warriors,24c5878202cb5d7e806d17ae27a1d17e,2024-12-01T02:10:00Z
Devin Booker,player_assists,PrizePicks,Over,6.5,-137,Phoenix Suns,Golden State Warriors,24c5878202cb5d7e806d17ae27a1d17e,2024-12-01T02:10:00Z
Devin Booker,player_assists,PrizePicks,Under,6.5,-137,Phoenix Suns,Golden State Warriors,24c5878202cb5d7e806d17ae27a1d17e,2024-12-01T02:10:00Z
Draymond Green,player_assists,PrizePicks,Over,6.0,-137,Phoenix Suns,Golden State Warriors,24c5878202cb5d7e806d17ae27a1d17e,2024-12-01T02:10:00Z
Draymond Green,player_assists,PrizePicks,Under,6.0,-137,Phoenix Suns,Golden State Warriors,24c5878202cb5d7e806d17ae27a1d17e,2024-12-01T02:10:00Z
Jusuf Nurkic,player_assists,PrizePicks,Over,1.5,-137,Phoenix Suns,Golden State Warriors,24c5878202cb5d7e806d17ae27a1d17e,2024-12-01T02:10:00Z
Jusuf Nurkic,player_assists,PrizePicks,Under,1.5,-137,Phoenix Suns,Golden State Warriors,24c5878202cb5d7e806d17ae27a1d17e,2024-12-01T02:10:00Z
Stephen Curry,player_assists,PrizePicks,Over,5.5,-137,Phoenix Suns,Golden State Warriors,24c5878202cb5d7e806d17ae27a1d17e,2024-12-01T02:10:00Z
Stephen Curry,player_assists,PrizePicks,Under,5.5,-137,Phoenix Suns,Golden State Warriors,24c5878202cb5d7e806d17ae27a1d17e,2024-12-01T02:10:00Z
Tyus Jones,player_assists,PrizePicks,Over,7.5,-137,Phoenix Suns,Golden State Warriors,24c5878202cb5d7e806d17ae27a1d17e,2024-12-01T02:10:00Z
Tyus Jones,player_assists,PrizePicks,Under,7.5,-137,Phoenix Suns,Golden State Warriors,24c5878202cb5d7e806d17ae27a1d17e,2024-12-01T02:10:00Z
Bradley Beal,player_points,PrizePicks,Over,16.5,-137,Phoenix Suns,Golden State Warriors,24c5878202cb5d7e806d17ae27a1d17e,2024-12-01T02:10:00Z
Bradley Beal,player_points,PrizePicks,Under,16.5,-137,Phoenix Suns,Golden State Warriors,24c5878202cb5d7e806d17ae27a1d17e,2024-12-01T02:10:00Z
Andrew Wiggins,player_points,PrizePicks,Over,18.0,-137,Phoenix Suns,Golden State Warriors,24c5878202cb5d7e806d17ae27a1d17e,2024-12-01T02:10:00Z
Andrew Wiggins,player_points,PrizePicks,Under,18.0,-137,Phoenix Suns,Golden State Warriors,24c5878202cb5d7e806d17ae27a1d17e,2024-12-01T02:10:00Z
Devin Booker,player_points,PrizePicks,Over,26.5,-137,Phoenix Suns,Golden State Warriors,24c5878202cb5d7e806d17ae27a1d17e,2024-12-01T02:10:00Z
Devin Booker,player_points,PrizePicks,Under,26.5,-137,Phoenix Suns,Golden State Warriors,24c5878202cb5d7e806d17ae27a1d17e,2024-12-01T02:10:00Z
Draymond Green,player_points,PrizePicks,Over,8.5,-137,Phoenix Suns,Golden State Warriors,24c5878202cb5d7e806d17ae27a1d17e,2024-12-01T02:10:00Z
Draymond Green,player_points,PrizePicks,Under,8.5,-137,Phoenix Suns,Golden State Warriors,24c5878202cb5d7e806d17ae27a1d17e,2024-12-01T02:10:00Z
Jusuf Nurkic,player_points,PrizePicks,Over,9.0,-137,Phoenix Suns,Golden State Warriors,24c5878202cb5d7e806d17ae27a1d17e,2024-12-01T02:10:00Z
Jusuf Nurkic,player_points,PrizePicks,Under,9.0,-137,Phoenix Suns,Golden State Warriors,24c5878202cb5d7e806d17ae27a1d17e,2024-12-01T02:10:00Z
Stephen Curry,player_points,PrizePicks,Over,24.0,-137,Phoenix Suns,Golden State Warriors,24c5878202cb5d7e806d17ae27a1d17e,2024-12-01T02:10:00Z
Stephen Curry,player_points,PrizePicks,Under,24.0,-137,Phoenix Suns,Golden State Warriors,24c5878202cb5d7e806d17ae27a1d17e,2024-12-01T02:10:00Z
Kevin Durant,player_points,PrizePicks,Over,24.5,-137,Phoenix Suns,Golden State Warriors,24c5878202cb5d7e806d17ae27a1d17e,2024-12-01T02:10:00Z
Kevin Durant,player_points,PrizePicks,Under,24.5,-137,Phoenix Suns,Golden State Warriors,24c5878202cb5d7e806d17ae27a1d17e,2024-12-01T02:10:00Z
Tyus Jones,player_points,PrizePicks,Over,10.5,-137,Phoenix Suns,Golden State Warriors,24c5878202cb5d7e806d17ae27a1d17e,2024-12-01T02:10:00Z
Tyus Jones,player_points,PrizePicks,Under,10.5,-137,Phoenix Suns,Golden State Warriors,24c5878202cb5d7e806d17ae27a1d17e,2024-12-01T02:10:00Z
Bradley Beal,player_rebounds,PrizePicks,Over,4.0,-137,Phoenix Suns,Golden State Warriors,24c5878202cb5d7e806d17ae27a1d17e,2024-12-01T02:10:00Z
Bradley Beal,player_rebounds,PrizePicks,Under,4.0,-137,Phoenix Suns,Golden State Warriors,24c5878202cb5d7e806d17ae27a1d17e,2024-12-01T02:10:00Z
Andrew Wiggins,player_rebounds,PrizePicks,Over,4.5,-137,Phoenix Suns,Golden State Warriors,24c5878202cb5d7e806d17ae27a1d17e,2024-12-01T02:10:00Z
Andrew Wiggins,player_rebounds,PrizePicks,Under,4.5,-137,Phoenix Suns,Golden State Warriors,24c5878202cb5d7e806d17ae27a1d17e,2024-12-01T02:10:00Z
Draymond Green,player_rebounds,PrizePicks,Over,6.5,-137,Phoenix Suns,Golden State Warriors,24c5878202cb5d7e806d17ae27a1d17e,2024-12-01T02:10:00Z
Draymond Green,player_rebounds,PrizePicks,Under,6.5,-137,Phoenix Suns,Golden State Warriors,24c5878202cb5d7e806d17ae27a1d17e,2024-12-01T02:10:00Z
Jusuf Nurkic,player_rebounds,PrizePicks,Over,10.0,-137,Phoenix Suns,Golden State Warriors,24c5878202cb5d7e806d17ae27a1d17e,2024-12-01T02:10:00Z
Jusuf Nurkic,player_rebounds,PrizePicks,Under,10.0,-137,Phoenix Suns,Golden State Warriors,24c5878202cb5d7e806d17ae27a1d17e,2024-12-01T02:10:00Z
Stephen Curry,player_rebounds,PrizePicks,Over,4.5,-137,Phoenix Suns,Golden State Warriors,24c5878202cb5d7e806d17ae27a1d17e,2024-12-01T02:10:00Z
Stephen Curry,player_rebounds,PrizePicks,Under,4.5,-137,Phoenix Suns,Golden State Warriors,24c5878202cb5d7e806d17ae27a1d17e,2024-12-01T02:10:00Z
Kevin Durant,player_rebounds,PrizePicks,Over,6.0,-137,Phoenix Suns,Golden State Warriors,24c5878202cb5d7e806d17ae27a1d17e,2024-12-01T02:10:00Z
Kevin Durant,player_rebounds,PrizePicks,Under,6.0,-137,Phoenix Suns,Golden State Warriors,24c5878202cb5d7e806d17ae27a1d17e,2024-12-01T02:10:00Z
Walker Kessler,player_assists,Underdog,Over,1.5,-137,Utah Jazz,Dallas Mavericks,94e37c8227c1196969b7702bea4ea97f,2024-12-01T02:40:00Z
Walker Kessler,player_assists,Underdog,Under,1.5,-137,Utah Jazz,Dallas Mavericks,94e37c8227c1196969b7702bea4ea97f,2024-12-01T02:40:00Z
Lauri Markkanen,player_points,Underdog,Over,21.5,-137,Utah Jazz,Dallas Mavericks,94e37c8227c1196969b7702bea4ea97f,2024-12-01T02:40:00Z
Lauri Markkanen,player_points,Underdog,Under,21.5,-137,Utah Jazz,Dallas Mavericks,94e37c8227c1196969b7702bea4ea97f,2024-12-01T02:40:00Z
Kyrie Irving,player_points,Underdog,Over,27.5,-137,Utah Jazz,Dallas Mavericks,94e37c8227c1196969b7702bea4ea97f,2024-12-01T02:40:00Z
Kyrie Irving,player_points,Underdog,Under,27.5,-137,Utah Jazz,Dallas Mavericks,94e37c8227c1196969b7702bea4ea97f,2024-12-01T02:40:00Z
Keyonte George,player_points,Underdog,Over,16.5,-137,Utah Jazz,Dallas Mavericks,94e37c8227c1196969b7702bea4ea97f,2024-12-01T02:40:00Z
Keyonte George,player_points,Underdog,Under,16.5,-137,Utah Jazz,Dallas Mavericks,94e37c8227c1196969b7702bea4ea97f,2024-12-01T02:40:00Z
P.J. Washington,player_points,Underdog,Over,15.5,-137,Utah Jazz,Dallas Mavericks,94e37c8227c1196969b7702bea4ea97f,2024-12-01T02:40:00Z
P.J. Washington,player_points,Underdog,Under,15.5,-137,Utah Jazz,Dallas Mavericks,94e37c8227c1196969b7702bea4ea97f,2024-12-01T02:40:00Z
Walker Kessler,player_points,Underdog,Over,8.5,-137,Utah Jazz,Dallas Mavericks,94e37c8227c1196969b7702bea4ea97f,2024-12-01T02:40:00Z
Walker Kessler,player_points,Underdog,Under,8.5,-137,Utah Jazz,Dallas Mavericks,94e37c8227c1196969b7702bea4ea97f,2024-12-01T02:40:00Z
Collin Sexton,player_points,Underdog,Over,18.5,-137,Utah Jazz,Dallas Mavericks,94e37c8227c1196969b7702bea4ea97f,2024-12-01T02:40:00Z
Collin Sexton,player_points,Underdog,Under,18.5,-137,Utah Jazz,Dallas Mavericks,94e37c8227c1196969b7702bea4ea97f,2024-12-01T02:40:00Z
Spencer Dinwiddie,player_points,Underdog,Over,11.5,-137,Utah Jazz,Dallas Mavericks,94e37c8227c1196969b7702bea4ea97f,2024-12-01T02:40:00Z
Spencer Dinwiddie,player_points,Underdog,Under,11.5,-137,Utah Jazz,Dallas Mavericks,94e37c8227c1196969b7702bea4ea97f,2024-12-01T02:40:00Z
Naji Marshall,player_points,Underdog,Over,15.5,-137,Utah Jazz,Dallas Mavericks,94e37c8227c1196969b7702bea4ea97f,2024-12-01T02:40:00Z
Naji Marshall,player_points,Underdog,Under,15.5,-137,Utah Jazz,Dallas Mavericks,94e37c8227c1196969b7702bea4ea97f,2024-12-01T02:40:00Z
Daniel Gafford,player_points,Underdog,Over,10.5,-137,Utah Jazz,Dallas Mavericks,94e37c8227c1196969b7702bea4ea97f,2024-12-01T02:40:00Z
Daniel Gafford,player_points,Underdog,Under,10.5,-137,Utah Jazz,Dallas Mavericks,94e37c8227c1196969b7702bea4ea97f,2024-12-01T02:40:00Z
Brice Sensabaugh,player_points,Underdog,Over,8.5,-137,Utah Jazz,Dallas Mavericks,94e37c8227c1196969b7702bea4ea97f,2024-12-01T02:40:00Z
Brice Sensabaugh,player_points,Underdog,Under,8.5,-137,Utah Jazz,Dallas Mavericks,94e37c8227c1196969b7702bea4ea97f,2024-12-01T02:40:00Z
P.J. Washington,player_rebounds,Underdog,Over,8.5,-137,Utah Jazz,Dallas Mavericks,94e37c8227c1196969b7702bea4ea97f,2024-12-01T02:40:00Z
P.J. Washington,player_rebounds,Underdog,Under,8.5,-137,Utah Jazz,Dallas Mavericks,94e37c8227c1196969b7702bea4ea97f,2024-12-01T02:40:00Z
Spencer Dinwiddie,player_rebounds,Underdog,Over,2.5,-137,Utah Jazz,Dallas Mavericks,94e37c8227c1196969b7702bea4ea97f,2024-12-01T02:40:00Z
Spencer Dinwiddie,player_rebounds,Underdog,Under,2.5,-137,Utah Jazz,Dallas Mavericks,94e37c8227c1196969b7702bea4ea97f,2024-12-01T02:40:00Z
Quentin Grimes,player_rebounds,Underdog,Over,3.5,-137,Utah Jazz,Dallas Mavericks,94e37c8227c1196969b7702bea4ea97f,2024-12-01T02:40:00Z
Quentin Grimes,player_rebounds,Underdog,Under,3.5,-137,Utah Jazz,Dallas Mavericks,94e37c8227c1196969b7702bea4ea97f,2024-12-01T02:40:00Z
Brice Sensabaugh,player_rebounds,Underdog,Over,2.5,-137,Utah Jazz,Dallas Mavericks,94e37c8227c1196969b7702bea4ea97f,2024-12-01T02:40:00Z
Brice Sensabaugh,player_rebounds,Underdog,Under,2.5,-137,Utah Jazz,Dallas Mavericks,94e37c8227c1196969b7702bea4ea97f,2024-12-01T02:40:00Z
Isaiah Collier,player_rebounds,Underdog,Over,1.5,-137,Utah Jazz,Dallas Mavericks,94e37c8227c1196969b7702bea4ea97f,2024-12-01T02:40:00Z
Isaiah Collier,player_rebounds,Underdog,Under,1.5,-137,Utah Jazz,Dallas Mavericks,94e37c8227c1196969b7702bea4ea97f,2024-12-01T02:40:00Z
Kyrie Irving,player_assists,PrizePicks,Over,6.5,-137,Utah Jazz,Dallas Mavericks,94e37c8227c1196969b7702bea4ea97f,2024-12-01T02:40:00Z
Kyrie Irving,player_assists,PrizePicks,Under,6.5,-137,Utah Jazz,Dallas Mavericks,94e37c8227c1196969b7702bea4ea97f,2024-12-01T02:40:00Z
Keyonte George,player_assists,PrizePicks,Over,6.0,-137,Utah Jazz,Dallas Mavericks,94e37c8227c1196969b7702bea4ea97f,2024-12-01T02:40:00Z
Keyonte George,player_assists,PrizePicks,Under,6.0,-137,Utah Jazz,Dallas Mavericks,94e37c8227c1196969b7702bea4ea97f,2024-12-01T02:40:00Z
Walker Kessler,player_assists,PrizePicks,Over,1.5,-137,Utah Jazz,Dallas Mavericks,94e37c8227c1196969b7702bea4ea97f,2024-12-01T02:40:00Z
Walker Kessler,player_assists,PrizePicks,Under,1.5,-137,Utah Jazz,Dallas Mavericks,94e37c8227c1196969b7702bea4ea97f,2024-12-01T02:40:00Z
Collin Sexton,player_points,PrizePicks,Over,18.5,-137,Utah Jazz,Dallas Mavericks,94e37c8227c1196969b7702bea4ea97f,2024-12-01T02:40:00Z
Collin Sexton,player_points,PrizePicks,Under,18.5,-137,Utah Jazz,Dallas Mavericks,94e37c8227c1196969b7702bea4ea97f,2024-12-01T02:40:00Z
Dereck Lively II,player_points,PrizePicks,Over,9.0,-137,Utah Jazz,Dallas Mavericks,94e37c8227c1196969b7702bea4ea97f,2024-12-01T02:40:00Z
Dereck Lively II,player_points,PrizePicks,Under,9.0,-137,Utah Jazz,Dallas Mavericks,94e37c8227c1196969b7702bea4ea97f,2024-12-01T02:40:00Z
John Collins,player_points,PrizePicks,Over,17.5,-137,Utah Jazz,Dallas Mavericks,94e37c8227c1196969b7702bea4ea97f,2024-12-01T02:40:00Z
John Collins,player_points,PrizePicks,Under,17.5,-137,Utah Jazz,Dallas Mavericks,94e37c8227c1196969b7702bea4ea97f,2024-12-01T02:40:00Z
Kyrie Irving,player_points,PrizePicks,Over,27.5,-137,Utah Jazz,Dallas Mavericks,94e37c8227c1196969b7702bea4ea97f,2024-12-01T02:40:00Z
Kyrie Irving,player_points,PrizePicks,Under,27.5,-137,Utah Jazz,Dallas Mavericks,94e37c8227c1196969b7702bea4ea97f,2024-12-01T02:40:00Z
Keyonte George,player_points,PrizePicks,Over,16.5,-137,Utah Jazz,Dallas Mavericks,94e37c8227c1196969b7702bea4ea97f,2024-12-01T02:40:00Z
Keyonte George,player_points,PrizePicks,Under,16.5,-137,Utah Jazz,Dallas Mavericks,94e37c8227c1196969b7702bea4ea97f,2024-12-01T02:40:00Z
Naji Marshall,player_points,PrizePicks,Over,15.5,-137,Utah Jazz,Dallas Mavericks,94e37c8227c1196969b7702bea4ea97f,2024-12-01T02:40:00Z
Naji Marshall,player_points,PrizePicks,Under,15.5,-137,Utah Jazz,Dallas Mavericks,94e37c8227c1196969b7702bea4ea97f,2024-12-01T02:40:00Z
Lauri Markkanen,player_points,PrizePicks,Over,21.5,-137,Utah Jazz,Dallas Mavericks,94e37c8227c1196969b7702bea4ea97f,2024-12-01T02:40:00Z
Lauri Markkanen,player_points,PrizePicks,Under,21.5,-137,Utah Jazz,Dallas Mavericks,94e37c8227c1196969b7702bea4ea97f,2024-12-01T02:40:00Z
P.J. Washington,player_points,PrizePicks,Over,15.5,-137,Utah Jazz,Dallas Mavericks,94e37c8227c1196969b7702bea4ea97f,2024-12-01T02:40:00Z
P.J. Washington,player_points,PrizePicks,Under,15.5,-137,Utah Jazz,Dallas Mavericks,94e37c8227c1196969b7702bea4ea97f,2024-12-01T02:40:00Z
Walker Kessler,player_points,PrizePicks,Over,8.5,-137,Utah Jazz,Dallas Mavericks,94e37c8227c1196969b7702bea4ea97f,2024-12-01T02:40:00Z
Walker Kessler,player_points,PrizePicks,Under,8.5,-137,Utah Jazz,Dallas Mavericks,94e37c8227c1196969b7702bea4ea97f,2024-12-01T02:40:00Z
Daniel Gafford,player_points,PrizePicks,Over,10.5,-137,Utah Jazz,Dallas Mavericks,94e37c8227c1196969b7702bea4ea97f,2024-12-01T02:40:00Z
Daniel Gafford,player_points,PrizePicks,Under,10.5,-137,Utah Jazz,Dallas Mavericks,94e37c8227c1196969b7702bea4ea97f,2024-12-01T02:40:00Z
Spencer Dinwiddie,player_points,PrizePicks,Over,11.5,-137,Utah Jazz,Dallas Mavericks,94e37c8227c1196969b7702bea4ea97f,2024-12-01T02:40:00Z
Spencer Dinwiddie,player_points,PrizePicks,Under,11.5,-137,Utah Jazz,Dallas Mavericks,94e37c8227c1196969b7702bea4ea97f,2024-12-01T02:40:00Z
Quentin Grimes,player_points,PrizePicks,Over,11.5,-137,Utah Jazz,Dallas Mavericks,94e37c8227c1196969b7702bea4ea97f,2024-12-01T02:40:00Z
Quentin Grimes,player_points,PrizePicks,Under,11.5,-137,Utah Jazz,Dallas Mavericks,94e37c8227c1196969b7702bea4ea97f,2024-12-01T02:40:00Z
Dereck Lively II,player_rebounds,PrizePicks,Over,8.0,-137,Utah Jazz,Dallas Mavericks,94e37c8227c1196969b7702bea4ea97f,2024-12-01T02:40:00Z
Dereck Lively II,player_rebounds,PrizePicks,Under,8.0,-137,Utah Jazz,Dallas Mavericks,94e37c8227c1196969b7702bea4ea97f,2024-12-01T02:40:00Z
John Collins,player_rebounds,PrizePicks,Over,8.5,-137,Utah Jazz,Dallas Mavericks,94e37c8227c1196969b7702bea4ea97f,2024-12-01T02:40:00Z
John Collins,player_rebounds,PrizePicks,Under,8.5,-137,Utah Jazz,Dallas Mavericks,94e37c8227c1196969b7702bea4ea97f,2024-12-01T02:40:00Z
Kyrie Irving,player_rebounds,PrizePicks,Over,4.0,-137,Utah Jazz,Dallas Mavericks,94e37c8227c1196969b7702bea4ea97f,2024-12-01T02:40:00Z
Kyrie Irving,player_rebounds,PrizePicks,Under,4.0,-137,Utah Jazz,Dallas Mavericks,94e37c8227c1196969b7702bea4ea97f,2024-12-01T02:40:00Z
Naji Marshall,player_rebounds,PrizePicks,Over,4.5,-137,Utah Jazz,Dallas Mavericks,94e37c8227c1196969b7702bea4ea97f,2024-12-01T02:40:00Z
Naji Marshall,player_rebounds,PrizePicks,Under,4.5,-137,Utah Jazz,Dallas Mavericks,94e37c8227c1196969b7702bea4ea97f,2024-12-01T02:40:00Z
Lauri Markkanen,player_rebounds,PrizePicks,Over,6.5,-137,Utah Jazz,Dallas Mavericks,94e37c8227c1196969b7702bea4ea97f,2024-12-01T02:40:00Z
Lauri Markkanen,player_rebounds,PrizePicks,Under,6.5,-137,Utah Jazz,Dallas Mavericks,94e37c8227c1196969b7702bea4ea97f,2024-12-01T02:40:00Z
P.J. Washington,player_rebounds,PrizePicks,Over,8.5,-137,Utah Jazz,Dallas Mavericks,94e37c8227c1196969b7702bea4ea97f,2024-12-01T02:40:00Z
P.J. Washington,player_rebounds,PrizePicks,Under,8.5,-137,Utah Jazz,Dallas Mavericks,94e37c8227c1196969b7702bea4ea97f,2024-12-01T02:40:00Z
Walker Kessler,player_rebounds,PrizePicks,Over,9.0,-137,Utah Jazz,Dallas Mavericks,94e37c8227c1196969b7702bea4ea97f,2024-12-01T02:40:00Z
Walker Kessler,player_rebounds,PrizePicks,Under,9.0,-137,Utah Jazz,Dallas Mavericks,94e37c8227c1196969b7702bea4ea97f,2024-12-01T02:40:00Z
Daniel Gafford,player_rebounds,PrizePicks,Over,7.0,-137,Utah Jazz,Dallas Mavericks,94e37c8227c1196969b7702bea4ea97f,2024-12-01T02:40:00Z
Daniel Gafford,player_rebounds,PrizePicks,Under,7.0,-137,Utah Jazz,Dallas Mavericks,94e37c8227c1196969b7702bea4ea97f,2024-12-01T02:40:00Z
