,Unnamed: 0,BOOKMAKER,CATEGORY,NAME,OVER/UNDER,LINE,ODDS
0,0,PrizePicks,player_points,Jalen Williams,Over,0.5,-137
1,1,PrizePicks,player_points,Shai Gilgeous-Alexander,Over,33.5,-137
2,2,PrizePicks,player_points,Shai Gilgeous-Alexander,Under,33.5,-137
3,3,PrizePicks,player_points,Tyrese Haliburton,Over,17.5,-137
4,4,PrizePicks,player_points,Tyrese Haliburton,Under,17.5,-137
5,5,PrizePicks,player_points,Jalen Williams,Over,21.5,-137
6,6,PrizePicks,player_points,Jalen Williams,Under,21.5,-137
7,7,PrizePicks,player_points,Pascal Siakam,Over,19.5,-137
8,8,PrizePicks,player_points,Pascal Siakam,Under,19.5,-137
9,9,PrizePicks,player_points,Myles Turner,Over,14.5,-137
10,10,PrizePicks,player_points,Myles Turner,Under,14.5,-137
11,11,PrizePicks,player_points,Chet Holmgren,Over,14.5,-137
12,12,PrizePicks,player_points,Chet Holmgren,Under,14.5,-137
13,13,PrizePicks,player_points,Andrew Nembhard,Over,11.5,-137
14,14,PrizePicks,player_points,Andrew Nembhard,Under,11.5,-137
15,15,PrizePicks,player_points,Alex Caruso,Over,9.5,-137
16,16,PrizePicks,player_points,Alex Caruso,Under,9.5,-137
17,17,PrizePicks,player_points,Luguentz Dort,Over,8.0,-137
18,18,PrizePicks,player_points,Luguentz Dort,Under,8.0,-137
19,19,PrizePicks,player_points,Aaron Nesmith,Over,12.5,-137
20,20,PrizePicks,player_points,Aaron Nesmith,Under,12.5,-137
21,21,PrizePicks,player_points,T.J. McConnell,Over,6.5,-137
22,22,PrizePicks,player_points,T.J. McConnell,Under,6.5,-137
23,23,PrizePicks,player_points,Isaiah Hartenstein,Over,6.5,-137
24,24,PrizePicks,player_points,Isaiah Hartenstein,Under,6.5,-137
25,25,PrizePicks,player_points,Bennedict Mathurin,Over,8.5,-137
26,26,PrizePicks,player_points,Bennedict Mathurin,Under,8.5,-137
27,27,PrizePicks,player_points,Cason Wallace,Over,6.0,-137
28,28,PrizePicks,player_points,Cason Wallace,Under,6.0,-137
29,29,PrizePicks,player_points,Obi Toppin,Over,9.5,-137
30,30,PrizePicks,player_points,Obi Toppin,Under,9.5,-137
31,31,PrizePicks,player_points,Aaron Wiggins,Over,6.0,-137
32,32,PrizePicks,player_points,Aaron Wiggins,Under,6.0,-137
33,33,PrizePicks,player_points,Thomas Bryant,Over,2.5,-137
34,34,PrizePicks,player_points,Thomas Bryant,Under,2.5,-137
35,35,DraftKings Pick6,player_points,Cason Wallace,Over,6.5,-137
36,36,DraftKings Pick6,player_points,Cason Wallace,Under,6.5,-137
37,37,DraftKings Pick6,player_points,Luguentz Dort,Over,7.5,-137
38,38,DraftKings Pick6,player_points,Luguentz Dort,Under,7.5,-137
39,39,DraftKings Pick6,player_points,Jalen Williams,Over,21.5,-137
40,40,DraftKings Pick6,player_points,Jalen Williams,Under,21.5,-137
41,41,DraftKings Pick6,player_points,Aaron Nesmith,Over,13.5,-137
42,42,DraftKings Pick6,player_points,Aaron Nesmith,Under,13.5,-137
43,43,DraftKings Pick6,player_points,Thomas Bryant,Over,2.5,-137
44,44,DraftKings Pick6,player_points,Thomas Bryant,Under,2.5,-137
45,45,DraftKings Pick6,player_points,Obi Toppin,Over,9.5,-137
46,46,DraftKings Pick6,player_points,Obi Toppin,Under,9.5,-137
47,47,DraftKings Pick6,player_points,Tyrese Haliburton,Over,17.5,-137
48,48,DraftKings Pick6,player_points,Tyrese Haliburton,Under,17.5,-137
49,49,DraftKings Pick6,player_points,Ben Sheppard,Over,2.5,-137
50,50,DraftKings Pick6,player_points,Ben Sheppard,Under,2.5,-137
51,51,DraftKings Pick6,player_points,Chet Holmgren,Over,14.5,-137
52,52,DraftKings Pick6,player_points,Chet Holmgren,Under,14.5,-137
53,53,DraftKings Pick6,player_points,Shai Gilgeous-Alexander,Over,33.5,-137
54,54,DraftKings Pick6,player_points,Shai Gilgeous-Alexander,Under,33.5,-137
55,55,DraftKings Pick6,player_points,Aaron Wiggins,Over,6.5,-137
56,56,DraftKings Pick6,player_points,Aaron Wiggins,Under,6.5,-137
57,57,DraftKings Pick6,player_points,Andrew Nembhard,Over,11.5,-137
58,58,DraftKings Pick6,player_points,Andrew Nembhard,Under,11.5,-137
59,59,DraftKings Pick6,player_points,T.J. McConnell,Over,6.5,-137
60,60,DraftKings Pick6,player_points,T.J. McConnell,Under,6.5,-137
61,61,DraftKings Pick6,player_points,Isaiah Hartenstein,Over,6.5,-137
62,62,DraftKings Pick6,player_points,Isaiah Hartenstein,Under,6.5,-137
63,63,DraftKings Pick6,player_points,Alex Caruso,Over,9.5,-137
64,64,DraftKings Pick6,player_points,Alex Caruso,Under,9.5,-137
65,65,DraftKings Pick6,player_points,Pascal Siakam,Over,19.5,-137
66,66,DraftKings Pick6,player_points,Pascal Siakam,Under,19.5,-137
67,67,DraftKings Pick6,player_points,Bennedict Mathurin,Over,8.5,-137
68,68,DraftKings Pick6,player_points,Bennedict Mathurin,Under,8.5,-137
69,69,DraftKings Pick6,player_points,Myles Turner,Over,14.5,-137
70,70,DraftKings Pick6,player_points,Myles Turner,Under,14.5,-137
71,71,DraftKings Pick6,player_points,Pascal Siakam,Over,19.5,-137
72,72,Underdog,player_points,Tyrese Haliburton,Over,17.5,-137
73,73,Underdog,player_points,Tyrese Haliburton,Under,17.5,-137
74,74,Underdog,player_points,Shai Gilgeous-Alexander,Over,33.5,-137
75,75,Underdog,player_points,Shai Gilgeous-Alexander,Under,33.5,-137
76,76,Underdog,player_points,Pascal Siakam,Over,19.5,-137
77,77,Underdog,player_points,Pascal Siakam,Under,19.5,-137
78,78,Underdog,player_points,Chet Holmgren,Over,14.5,-137
79,79,Underdog,player_points,Chet Holmgren,Under,14.5,-137
80,80,Underdog,player_points,Myles Turner,Over,14.5,-137
81,81,Underdog,player_points,Myles Turner,Under,14.5,-137
82,82,Underdog,player_points,Alex Caruso,Over,9.5,-137
83,83,Underdog,player_points,Alex Caruso,Under,9.5,-137
84,84,Underdog,player_points,Bennedict Mathurin,Over,8.5,-137
85,85,Underdog,player_points,Bennedict Mathurin,Under,8.5,-137
86,86,Underdog,player_points,Isaiah Hartenstein,Over,6.5,-137
87,87,Underdog,player_points,Isaiah Hartenstein,Under,6.5,-137
88,88,Underdog,player_points,T.J. McConnell,Over,6.5,-137
89,89,Underdog,player_points,T.J. McConnell,Under,6.5,-137
90,90,Underdog,player_points,Thomas Bryant,Over,2.5,-137
91,91,Underdog,player_points,Thomas Bryant,Under,2.5,-137
92,92,Underdog,player_points,Obi Toppin,Over,9.5,-137
93,93,Underdog,player_points,Obi Toppin,Under,9.5,-137
94,94,PrizePicks,player_rebounds,Shai Gilgeous-Alexander,Over,5.5,-137
95,95,PrizePicks,player_rebounds,Shai Gilgeous-Alexander,Under,5.5,-137
96,96,PrizePicks,player_rebounds,Tyrese Haliburton,Over,5.0,-137
97,97,PrizePicks,player_rebounds,Tyrese Haliburton,Under,5.0,-137
98,98,PrizePicks,player_rebounds,Jalen Williams,Over,5.5,-137
99,99,PrizePicks,player_rebounds,Jalen Williams,Under,5.5,-137
100,100,PrizePicks,player_rebounds,Pascal Siakam,Over,7.5,-137
101,101,PrizePicks,player_rebounds,Pascal Siakam,Under,7.5,-137
102,102,PrizePicks,player_rebounds,Myles Turner,Over,5.5,-137
103,103,PrizePicks,player_rebounds,Myles Turner,Under,5.5,-137
104,104,PrizePicks,player_rebounds,Chet Holmgren,Over,8.0,-137
105,105,PrizePicks,player_rebounds,Chet Holmgren,Under,8.0,-137
106,106,PrizePicks,player_rebounds,Andrew Nembhard,Over,3.5,-137
107,107,PrizePicks,player_rebounds,Andrew Nembhard,Under,3.5,-137
108,108,PrizePicks,player_rebounds,Luguentz Dort,Over,4.0,-137
109,109,PrizePicks,player_rebounds,Luguentz Dort,Under,4.0,-137
110,110,PrizePicks,player_rebounds,Aaron Nesmith,Over,5.0,-137
111,111,PrizePicks,player_rebounds,Aaron Nesmith,Under,5.0,-137
112,112,PrizePicks,player_rebounds,Isaiah Hartenstein,Over,7.0,-137
113,113,PrizePicks,player_rebounds,Isaiah Hartenstein,Under,7.0,-137
114,114,PrizePicks,player_rebounds,Bennedict Mathurin,Over,2.5,-137
115,115,PrizePicks,player_rebounds,Bennedict Mathurin,Under,2.5,-137
116,116,PrizePicks,player_rebounds,Obi Toppin,Over,4.0,-137
117,117,PrizePicks,player_rebounds,Obi Toppin,Under,4.0,-137
118,118,PrizePicks,player_rebounds,Kenrich Williams,Over,1.5,-137
119,119,PrizePicks,player_rebounds,Kenrich Williams,Under,1.5,-137
120,120,DraftKings Pick6,player_rebounds,Bennedict Mathurin,Over,2.5,-137
121,121,DraftKings Pick6,player_rebounds,Bennedict Mathurin,Under,2.5,-137
122,122,DraftKings Pick6,player_rebounds,Alex Caruso,Over,3.5,-137
123,123,DraftKings Pick6,player_rebounds,Alex Caruso,Under,3.5,-137
124,124,DraftKings Pick6,player_rebounds,Pascal Siakam,Over,7.5,-137
125,125,DraftKings Pick6,player_rebounds,Pascal Siakam,Under,7.5,-137
126,126,DraftKings Pick6,player_rebounds,Luguentz Dort,Over,3.5,-137
127,127,DraftKings Pick6,player_rebounds,Luguentz Dort,Under,3.5,-137
128,128,DraftKings Pick6,player_rebounds,Myles Turner,Over,5.5,-137
129,129,DraftKings Pick6,player_rebounds,Myles Turner,Under,5.5,-137
130,130,DraftKings Pick6,player_rebounds,Obi Toppin,Over,4.5,-137
131,131,DraftKings Pick6,player_rebounds,Obi Toppin,Under,4.5,-137
132,132,DraftKings Pick6,player_rebounds,Shai Gilgeous-Alexander,Over,5.5,-137
133,133,DraftKings Pick6,player_rebounds,Shai Gilgeous-Alexander,Under,5.5,-137
134,134,DraftKings Pick6,player_rebounds,Ben Sheppard,Over,1.5,-137
135,135,DraftKings Pick6,player_rebounds,Ben Sheppard,Under,1.5,-137
136,136,DraftKings Pick6,player_rebounds,Andrew Nembhard,Over,3.5,-137
137,137,DraftKings Pick6,player_rebounds,Andrew Nembhard,Under,3.5,-137
138,138,DraftKings Pick6,player_rebounds,Isaiah Hartenstein,Over,7.5,-137
139,139,DraftKings Pick6,player_rebounds,Isaiah Hartenstein,Over,7.5,-137
140,140,DraftKings Pick6,player_rebounds,Isaiah Hartenstein,Under,7.5,-137
141,141,DraftKings Pick6,player_rebounds,Jalen Williams,Over,5.5,-137
142,142,DraftKings Pick6,player_rebounds,Jalen Williams,Under,5.5,-137
143,143,Underdog,player_rebounds,Jalen Williams,Over,5.5,-137
144,144,Underdog,player_rebounds,Jalen Williams,Under,5.5,-137
145,145,PrizePicks,player_assists,Shai Gilgeous-Alexander,Over,7.0,-137
146,146,PrizePicks,player_assists,Shai Gilgeous-Alexander,Under,7.0,-137
147,147,PrizePicks,player_assists,Tyrese Haliburton,Over,8.0,-137
148,148,PrizePicks,player_assists,Tyrese Haliburton,Under,8.0,-137
149,149,PrizePicks,player_assists,Jalen Williams,Over,5.0,-137
150,150,PrizePicks,player_assists,Jalen Williams,Under,5.0,-137
151,151,PrizePicks,player_assists,Andrew Nembhard,Over,5.0,-137
152,152,PrizePicks,player_assists,Andrew Nembhard,Under,5.0,-137
153,153,DraftKings Pick6,player_assists,Alex Caruso,Over,2.5,-137
154,154,DraftKings Pick6,player_assists,Alex Caruso,Under,2.5,-137
155,155,DraftKings Pick6,player_assists,Tyrese Haliburton,Over,8.5,-137
156,156,DraftKings Pick6,player_assists,Tyrese Haliburton,Under,8.5,-137
157,157,DraftKings Pick6,player_assists,T.J. McConnell,Over,3.5,-137
158,158,DraftKings Pick6,player_assists,T.J. McConnell,Under,3.5,-137
159,159,DraftKings Pick6,player_assists,Ben Sheppard,Over,0.5,-137
160,160,DraftKings Pick6,player_assists,Ben Sheppard,Under,0.5,-137
161,161,DraftKings Pick6,player_assists,Tyrese Haliburton,Over,6.5,-137
162,162,PrizePicks,player_threes,Tyrese Haliburton,Over,2.5,-137
163,163,PrizePicks,player_threes,Tyrese Haliburton,Under,2.5,-137
164,164,PrizePicks,player_threes,Bennedict Mathurin,Over,0.5,-137
165,165,PrizePicks,player_threes,Bennedict Mathurin,Under,0.5,-137
166,166,DraftKings Pick6,player_threes,Alex Caruso,Over,1.5,-137
167,167,DraftKings Pick6,player_threes,Alex Caruso,Under,1.5,-137
168,168,DraftKings Pick6,player_threes,Jalen Williams,Over,1.5,-137
169,169,DraftKings Pick6,player_threes,Jalen Williams,Under,1.5,-137
170,170,DraftKings Pick6,player_threes,Aaron Nesmith,Over,2.5,-137
171,171,DraftKings Pick6,player_threes,Tyrese Haliburton,Over,2.5,-137
172,172,DraftKings Pick6,player_threes,Bennedict Mathurin,Over,0.5,-137
173,173,DraftKings Pick6,player_threes,Bennedict Mathurin,Under,0.5,-137
174,174,DraftKings Pick6,player_threes,Tyrese Haliburton,Over,2.5,-137
175,175,DraftKings Pick6,player_threes,Tyrese Haliburton,Under,2.5,-137
176,176,DraftKings Pick6,player_threes,Myles Turner,Over,1.5,-137
177,177,DraftKings Pick6,player_threes,Myles Turner,Under,1.5,-137
178,178,DraftKings Pick6,player_threes,Isaiah Joe,Over,0.5,-137
179,179,DraftKings Pick6,player_threes,Isaiah Joe,Under,0.5,-137
180,180,DraftKings Pick6,player_threes,Shai Gilgeous-Alexander,Over,1.5,-137
181,181,DraftKings Pick6,player_threes,Shai Gilgeous-Alexander,Under,1.5,-137
182,182,Underdog,player_threes,Bennedict Mathurin,Over,0.5,-137
183,183,Underdog,player_threes,Bennedict Mathurin,Under,0.5,-137
184,184,PrizePicks,player_blocks,Pascal Siakam,Over,0.5,-137
185,185,PrizePicks,player_blocks,Pascal Siakam,Under,0.5,-137
186,186,PrizePicks,player_blocks,Aaron Nesmith,Over,0.5,-137
187,187,PrizePicks,player_blocks,Aaron Nesmith,Under,0.5,-137
188,188,DraftKings Pick6,player_blocks,Tyrese Haliburton,Over,0.5,-137
189,189,DraftKings Pick6,player_blocks,Tyrese Haliburton,Under,0.5,-137
190,190,DraftKings Pick6,player_blocks,Pascal Siakam,Over,0.5,-137
191,191,DraftKings Pick6,player_blocks,Pascal Siakam,Under,0.5,-137
192,192,DraftKings Pick6,player_blocks,Aaron Nesmith,Over,0.5,-137
193,193,DraftKings Pick6,player_blocks,Aaron Nesmith,Under,0.5,-137
194,194,DraftKings Pick6,player_blocks,Chet Holmgren,Over,1.5,-137
195,195,DraftKings Pick6,player_blocks,Chet Holmgren,Under,1.5,-137
196,196,DraftKings Pick6,player_blocks,Isaiah Hartenstein,Over,0.5,-137
197,197,DraftKings Pick6,player_blocks,Isaiah Hartenstein,Under,0.5,-137
198,198,DraftKings Pick6,player_blocks,Shai Gilgeous-Alexander,Over,0.5,-137
199,199,DraftKings Pick6,player_blocks,Shai Gilgeous-Alexander,Under,0.5,-137
200,200,PrizePicks,player_steals,Shai Gilgeous-Alexander,Over,1.5,-137
201,201,PrizePicks,player_steals,Shai Gilgeous-Alexander,Under,1.5,-137
202,202,DraftKings Pick6,player_steals,Myles Turner,Over,0.5,-137
203,203,DraftKings Pick6,player_steals,Myles Turner,Under,0.5,-137
204,204,DraftKings Pick6,player_steals,Alex Caruso,Over,1.5,-137
205,205,DraftKings Pick6,player_steals,Alex Caruso,Under,1.5,-137
206,206,DraftKings Pick6,player_steals,Isaiah Hartenstein,Over,0.5,-137
207,207,DraftKings Pick6,player_steals,Isaiah Hartenstein,Under,0.5,-137
208,208,DraftKings Pick6,player_steals,Chet Holmgren,Over,0.5,-137
209,209,DraftKings Pick6,player_steals,Chet Holmgren,Under,0.5,-137
210,210,DraftKings Pick6,player_steals,Shai Gilgeous-Alexander,Over,1.5,-137
211,211,DraftKings Pick6,player_steals,Shai Gilgeous-Alexander,Under,1.5,-137
212,212,PrizePicks,player_rebounds_assists,Alex Caruso,Over,5.5,-137
213,213,PrizePicks,player_rebounds_assists,Alex Caruso,Under,5.5,-137
214,214,PrizePicks,player_rebounds_assists,Luguentz Dort,Over,5.0,-137
215,215,PrizePicks,player_rebounds_assists,Luguentz Dort,Under,5.0,-137
216,216,PrizePicks,player_rebounds_assists,Shai Gilgeous-Alexander,Over,12.5,-137
217,217,PrizePicks,player_rebounds_assists,Shai Gilgeous-Alexander,Under,12.5,-137
218,218,PrizePicks,player_rebounds_assists,Tyrese Haliburton,Over,13.0,-137
219,219,PrizePicks,player_rebounds_assists,Tyrese Haliburton,Under,13.0,-137
220,220,PrizePicks,player_rebounds_assists,Jalen Williams,Over,11.0,-137
221,221,PrizePicks,player_rebounds_assists,Jalen Williams,Under,11.0,-137
222,222,PrizePicks,player_rebounds_assists,Pascal Siakam,Over,10.5,-137
223,223,PrizePicks,player_rebounds_assists,Pascal Siakam,Under,10.5,-137
224,224,PrizePicks,player_rebounds_assists,Myles Turner,Over,7.0,-137
225,225,PrizePicks,player_rebounds_assists,Myles Turner,Under,7.0,-137
226,226,PrizePicks,player_rebounds_assists,Chet Holmgren,Over,9.5,-137
227,227,PrizePicks,player_rebounds_assists,Chet Holmgren,Under,9.5,-137
228,228,PrizePicks,player_rebounds_assists,Andrew Nembhard,Over,8.5,-137
229,229,PrizePicks,player_rebounds_assists,Andrew Nembhard,Under,8.5,-137
230,230,PrizePicks,player_rebounds_assists,Aaron Nesmith,Over,6.0,-137
231,231,PrizePicks,player_rebounds_assists,Aaron Nesmith,Under,6.0,-137
232,232,PrizePicks,player_rebounds_assists,T.J. McConnell,Over,6.0,-137
233,233,PrizePicks,player_rebounds_assists,T.J. McConnell,Under,6.0,-137
234,234,PrizePicks,player_rebounds_assists,Isaiah Hartenstein,Over,9.0,-137
235,235,PrizePicks,player_rebounds_assists,Isaiah Hartenstein,Under,9.0,-137
236,236,PrizePicks,player_rebounds_assists,Bennedict Mathurin,Over,3.5,-137
237,237,PrizePicks,player_rebounds_assists,Bennedict Mathurin,Under,3.5,-137
238,238,PrizePicks,player_rebounds_assists,Cason Wallace,Over,4.5,-137
239,239,PrizePicks,player_rebounds_assists,Cason Wallace,Under,4.5,-137
240,240,PrizePicks,player_rebounds_assists,Obi Toppin,Over,5.5,-137
241,241,PrizePicks,player_rebounds_assists,Obi Toppin,Under,5.5,-137
242,242,DraftKings Pick6,player_rebounds_assists,Andrew Nembhard,Over,8.5,-137
243,243,DraftKings Pick6,player_rebounds_assists,Andrew Nembhard,Under,8.5,-137
244,244,DraftKings Pick6,player_rebounds_assists,Obi Toppin,Over,5.5,-137
245,245,DraftKings Pick6,player_rebounds_assists,Obi Toppin,Under,5.5,-137
246,246,DraftKings Pick6,player_rebounds_assists,Pascal Siakam,Over,10.5,-137
247,247,DraftKings Pick6,player_rebounds_assists,Pascal Siakam,Under,10.5,-137
248,248,DraftKings Pick6,player_rebounds_assists,Shai Gilgeous-Alexander,Over,12.5,-137
249,249,DraftKings Pick6,player_rebounds_assists,Shai Gilgeous-Alexander,Under,12.5,-137
250,250,DraftKings Pick6,player_rebounds_assists,Isaiah Hartenstein,Over,9.5,-137
251,251,DraftKings Pick6,player_rebounds_assists,Isaiah Hartenstein,Under,9.5,-137
252,252,DraftKings Pick6,player_rebounds_assists,Tyrese Haliburton,Over,13.5,-137
253,253,DraftKings Pick6,player_rebounds_assists,Tyrese Haliburton,Under,13.5,-137
254,254,DraftKings Pick6,player_rebounds_assists,Jalen Williams,Over,10.5,-137
255,255,DraftKings Pick6,player_rebounds_assists,Jalen Williams,Under,10.5,-137
256,256,DraftKings Pick6,player_rebounds_assists,Chet Holmgren,Over,9.5,-137
257,257,DraftKings Pick6,player_rebounds_assists,Chet Holmgren,Under,9.5,-137
258,258,DraftKings Pick6,player_rebounds_assists,T.J. McConnell,Over,5.5,-137
259,259,DraftKings Pick6,player_rebounds_assists,T.J. McConnell,Under,5.5,-137
260,260,DraftKings Pick6,player_rebounds_assists,Myles Turner,Over,7.5,-137
261,261,DraftKings Pick6,player_rebounds_assists,Myles Turner,Under,7.5,-137
262,262,DraftKings Pick6,player_rebounds_assists,Aaron Nesmith,Over,6.5,-137
263,263,DraftKings Pick6,player_rebounds_assists,Aaron Nesmith,Under,6.5,-137
264,264,Underdog,player_rebounds_assists,Shai Gilgeous-Alexander,Over,12.5,-137
265,265,Underdog,player_rebounds_assists,Shai Gilgeous-Alexander,Under,12.5,-137
266,266,Underdog,player_rebounds_assists,Pascal Siakam,Over,10.5,-137
267,267,Underdog,player_rebounds_assists,Pascal Siakam,Under,10.5,-137
268,268,Underdog,player_rebounds_assists,Chet Holmgren,Over,9.5,-137
269,269,Underdog,player_rebounds_assists,Chet Holmgren,Under,9.5,-137
270,270,Underdog,player_rebounds_assists,Andrew Nembhard,Over,8.5,-137
271,271,Underdog,player_rebounds_assists,Andrew Nembhard,Under,8.5,-137
272,272,Underdog,player_rebounds_assists,Cason Wallace,Over,4.5,-137
273,273,Underdog,player_rebounds_assists,Cason Wallace,Under,4.5,-137
274,274,PrizePicks,player_rebounds,Shai Gilgeous-Alexander,Over,5.5,-137
275,275,PrizePicks,player_rebounds,Shai Gilgeous-Alexander,Under,5.5,-137
276,276,PrizePicks,player_rebounds,Tyrese Haliburton,Over,5.0,-137
277,277,PrizePicks,player_rebounds,Tyrese Haliburton,Under,5.0,-137
278,278,PrizePicks,player_rebounds,Jalen Williams,Over,5.5,-137
279,279,PrizePicks,player_rebounds,Jalen Williams,Under,5.5,-137
280,280,PrizePicks,player_rebounds,Pascal Siakam,Over,7.5,-137
281,281,PrizePicks,player_rebounds,Pascal Siakam,Under,7.5,-137
282,282,PrizePicks,player_rebounds,Myles Turner,Over,5.5,-137
283,283,PrizePicks,player_rebounds,Myles Turner,Under,5.5,-137
284,284,PrizePicks,player_rebounds,Chet Holmgren,Over,8.0,-137
285,285,PrizePicks,player_rebounds,Chet Holmgren,Under,8.0,-137
286,286,PrizePicks,player_rebounds,Andrew Nembhard,Over,3.5,-137
287,287,PrizePicks,player_rebounds,Andrew Nembhard,Under,3.5,-137
288,288,PrizePicks,player_rebounds,Luguentz Dort,Over,4.0,-137
289,289,PrizePicks,player_rebounds,Luguentz Dort,Under,4.0,-137
290,290,PrizePicks,player_rebounds,Aaron Nesmith,Over,5.0,-137
291,291,PrizePicks,player_rebounds,Aaron Nesmith,Under,5.0,-137
292,292,PrizePicks,player_rebounds,Isaiah Hartenstein,Over,7.0,-137
293,293,PrizePicks,player_rebounds,Isaiah Hartenstein,Under,7.0,-137
294,294,PrizePicks,player_rebounds,Bennedict Mathurin,Over,2.5,-137
295,295,PrizePicks,player_rebounds,Bennedict Mathurin,Under,2.5,-137
296,296,PrizePicks,player_rebounds,Obi Toppin,Over,4.0,-137
297,297,PrizePicks,player_rebounds,Obi Toppin,Under,4.0,-137
298,298,PrizePicks,player_rebounds,Kenrich Williams,Over,1.5,-137
299,299,PrizePicks,player_rebounds,Kenrich Williams,Under,1.5,-137
300,300,DraftKings Pick6,player_rebounds,Bennedict Mathurin,Over,2.5,-137
301,301,DraftKings Pick6,player_rebounds,Bennedict Mathurin,Under,2.5,-137
302,302,DraftKings Pick6,player_rebounds,Alex Caruso,Over,3.5,-137
303,303,DraftKings Pick6,player_rebounds,Alex Caruso,Under,3.5,-137
304,304,DraftKings Pick6,player_rebounds,Pascal Siakam,Over,7.5,-137
305,305,DraftKings Pick6,player_rebounds,Pascal Siakam,Under,7.5,-137
306,306,DraftKings Pick6,player_rebounds,Luguentz Dort,Over,3.5,-137
307,307,DraftKings Pick6,player_rebounds,Luguentz Dort,Under,3.5,-137
308,308,DraftKings Pick6,player_rebounds,Myles Turner,Over,5.5,-137
309,309,DraftKings Pick6,player_rebounds,Myles Turner,Under,5.5,-137
310,310,DraftKings Pick6,player_rebounds,Obi Toppin,Over,4.5,-137
311,311,DraftKings Pick6,player_rebounds,Obi Toppin,Under,4.5,-137
312,312,DraftKings Pick6,player_rebounds,Shai Gilgeous-Alexander,Over,5.5,-137
313,313,DraftKings Pick6,player_rebounds,Shai Gilgeous-Alexander,Under,5.5,-137
314,314,DraftKings Pick6,player_rebounds,Ben Sheppard,Over,1.5,-137
315,315,DraftKings Pick6,player_rebounds,Ben Sheppard,Under,1.5,-137
316,316,DraftKings Pick6,player_rebounds,Andrew Nembhard,Over,3.5,-137
317,317,DraftKings Pick6,player_rebounds,Andrew Nembhard,Under,3.5,-137
318,318,DraftKings Pick6,player_rebounds,Isaiah Hartenstein,Over,7.5,-137
319,319,DraftKings Pick6,player_rebounds,Isaiah Hartenstein,Over,7.5,-137
320,320,DraftKings Pick6,player_rebounds,Isaiah Hartenstein,Under,7.5,-137
321,321,DraftKings Pick6,player_rebounds,Jalen Williams,Over,5.5,-137
322,322,DraftKings Pick6,player_rebounds,Jalen Williams,Under,5.5,-137
323,323,Underdog,player_rebounds,Jalen Williams,Over,5.5,-137
324,324,Underdog,player_rebounds,Jalen Williams,Under,5.5,-137
325,325,PrizePicks,player_assists,Shai Gilgeous-Alexander,Over,7.0,-137
326,326,PrizePicks,player_assists,Shai Gilgeous-Alexander,Under,7.0,-137
327,327,PrizePicks,player_assists,Tyrese Haliburton,Over,8.0,-137
328,328,PrizePicks,player_assists,Tyrese Haliburton,Under,8.0,-137
329,329,PrizePicks,player_assists,Jalen Williams,Over,5.0,-137
330,330,PrizePicks,player_assists,Jalen Williams,Under,5.0,-137
331,331,PrizePicks,player_assists,Andrew Nembhard,Over,5.0,-137
332,332,PrizePicks,player_assists,Andrew Nembhard,Under,5.0,-137
333,333,DraftKings Pick6,player_assists,Alex Caruso,Over,2.5,-137
334,334,DraftKings Pick6,player_assists,Alex Caruso,Under,2.5,-137
335,335,DraftKings Pick6,player_assists,Tyrese Haliburton,Over,8.5,-137
336,336,DraftKings Pick6,player_assists,Tyrese Haliburton,Under,8.5,-137
337,337,DraftKings Pick6,player_assists,T.J. McConnell,Over,3.5,-137
338,338,DraftKings Pick6,player_assists,T.J. McConnell,Under,3.5,-137
339,339,DraftKings Pick6,player_assists,Ben Sheppard,Over,0.5,-137
340,340,DraftKings Pick6,player_assists,Ben Sheppard,Under,0.5,-137
341,341,DraftKings Pick6,player_assists,Tyrese Haliburton,Over,6.5,-137
342,342,PrizePicks,player_rebounds_assists,Alex Caruso,Over,5.5,-137
343,343,PrizePicks,player_rebounds_assists,Alex Caruso,Under,5.5,-137
344,344,PrizePicks,player_rebounds_assists,Luguentz Dort,Over,5.0,-137
345,345,PrizePicks,player_rebounds_assists,Luguentz Dort,Under,5.0,-137
346,346,PrizePicks,player_rebounds_assists,Shai Gilgeous-Alexander,Over,12.5,-137
347,347,PrizePicks,player_rebounds_assists,Shai Gilgeous-Alexander,Under,12.5,-137
348,348,PrizePicks,player_rebounds_assists,Tyrese Haliburton,Over,13.0,-137
349,349,PrizePicks,player_rebounds_assists,Tyrese Haliburton,Under,13.0,-137
350,350,PrizePicks,player_rebounds_assists,Jalen Williams,Over,11.0,-137
351,351,PrizePicks,player_rebounds_assists,Jalen Williams,Under,11.0,-137
352,352,PrizePicks,player_rebounds_assists,Pascal Siakam,Over,10.5,-137
353,353,PrizePicks,player_rebounds_assists,Pascal Siakam,Under,10.5,-137
354,354,PrizePicks,player_rebounds_assists,Myles Turner,Over,7.0,-137
355,355,PrizePicks,player_rebounds_assists,Myles Turner,Under,7.0,-137
356,356,PrizePicks,player_rebounds_assists,Chet Holmgren,Over,9.5,-137
357,357,PrizePicks,player_rebounds_assists,Chet Holmgren,Under,9.5,-137
358,358,PrizePicks,player_rebounds_assists,Andrew Nembhard,Over,8.5,-137
359,359,PrizePicks,player_rebounds_assists,Andrew Nembhard,Under,8.5,-137
360,360,PrizePicks,player_rebounds_assists,Aaron Nesmith,Over,6.0,-137
361,361,PrizePicks,player_rebounds_assists,Aaron Nesmith,Under,6.0,-137
362,362,PrizePicks,player_rebounds_assists,T.J. McConnell,Over,6.0,-137
363,363,PrizePicks,player_rebounds_assists,T.J. McConnell,Under,6.0,-137
364,364,PrizePicks,player_rebounds_assists,Isaiah Hartenstein,Over,9.0,-137
365,365,PrizePicks,player_rebounds_assists,Isaiah Hartenstein,Under,9.0,-137
366,366,PrizePicks,player_rebounds_assists,Bennedict Mathurin,Over,3.5,-137
367,367,PrizePicks,player_rebounds_assists,Bennedict Mathurin,Under,3.5,-137
368,368,PrizePicks,player_rebounds_assists,Cason Wallace,Over,4.5,-137
369,369,PrizePicks,player_rebounds_assists,Cason Wallace,Under,4.5,-137
370,370,PrizePicks,player_rebounds_assists,Obi Toppin,Over,5.5,-137
371,371,PrizePicks,player_rebounds_assists,Obi Toppin,Under,5.5,-137
372,372,DraftKings Pick6,player_rebounds_assists,Andrew Nembhard,Over,8.5,-137
373,373,DraftKings Pick6,player_rebounds_assists,Andrew Nembhard,Under,8.5,-137
374,374,DraftKings Pick6,player_rebounds_assists,Obi Toppin,Over,5.5,-137
375,375,DraftKings Pick6,player_rebounds_assists,Obi Toppin,Under,5.5,-137
376,376,DraftKings Pick6,player_rebounds_assists,Pascal Siakam,Over,10.5,-137
377,377,DraftKings Pick6,player_rebounds_assists,Pascal Siakam,Under,10.5,-137
378,378,DraftKings Pick6,player_rebounds_assists,Shai Gilgeous-Alexander,Over,12.5,-137
379,379,DraftKings Pick6,player_rebounds_assists,Shai Gilgeous-Alexander,Under,12.5,-137
380,380,DraftKings Pick6,player_rebounds_assists,Isaiah Hartenstein,Over,9.5,-137
381,381,DraftKings Pick6,player_rebounds_assists,Isaiah Hartenstein,Under,9.5,-137
382,382,DraftKings Pick6,player_rebounds_assists,Tyrese Haliburton,Over,13.5,-137
383,383,DraftKings Pick6,player_rebounds_assists,Tyrese Haliburton,Under,13.5,-137
384,384,DraftKings Pick6,player_rebounds_assists,Jalen Williams,Over,10.5,-137
385,385,DraftKings Pick6,player_rebounds_assists,Jalen Williams,Under,10.5,-137
386,386,DraftKings Pick6,player_rebounds_assists,Chet Holmgren,Over,9.5,-137
387,387,DraftKings Pick6,player_rebounds_assists,Chet Holmgren,Under,9.5,-137
388,388,DraftKings Pick6,player_rebounds_assists,T.J. McConnell,Over,5.5,-137
389,389,DraftKings Pick6,player_rebounds_assists,T.J. McConnell,Under,5.5,-137
390,390,DraftKings Pick6,player_rebounds_assists,Myles Turner,Over,7.5,-137
391,391,DraftKings Pick6,player_rebounds_assists,Myles Turner,Under,7.5,-137
392,392,DraftKings Pick6,player_rebounds_assists,Aaron Nesmith,Over,6.5,-137
393,393,DraftKings Pick6,player_rebounds_assists,Aaron Nesmith,Under,6.5,-137
394,394,Underdog,player_rebounds_assists,Shai Gilgeous-Alexander,Over,12.5,-137
395,395,Underdog,player_rebounds_assists,Shai Gilgeous-Alexander,Under,12.5,-137
396,396,Underdog,player_rebounds_assists,Pascal Siakam,Over,10.5,-137
397,397,Underdog,player_rebounds_assists,Pascal Siakam,Under,10.5,-137
398,398,Underdog,player_rebounds_assists,Chet Holmgren,Over,9.5,-137
399,399,Underdog,player_rebounds_assists,Chet Holmgren,Under,9.5,-137
400,400,Underdog,player_rebounds_assists,Andrew Nembhard,Over,8.5,-137
401,401,Underdog,player_rebounds_assists,Andrew Nembhard,Under,8.5,-137
402,402,Underdog,player_rebounds_assists,Cason Wallace,Over,4.5,-137
403,403,Underdog,player_rebounds_assists,Cason Wallace,Under,4.5,-137
404,404,DraftKings Pick6,player_blocks_steals,Pascal Siakam,Over,1.5,-137
405,405,DraftKings Pick6,player_blocks_steals,Pascal Siakam,Under,1.5,-137
406,406,DraftKings Pick6,player_blocks_steals,Andrew Nembhard,Over,1.5,-137
407,407,DraftKings Pick6,player_blocks_steals,Andrew Nembhard,Under,1.5,-137
408,408,DraftKings Pick6,player_blocks_steals,Shai Gilgeous-Alexander,Over,2.5,-137
409,409,DraftKings Pick6,player_blocks_steals,Shai Gilgeous-Alexander,Under,2.5,-137
410,410,DraftKings Pick6,player_blocks_steals,Cason Wallace,Over,1.5,-137
411,411,DraftKings Pick6,player_blocks_steals,Cason Wallace,Under,1.5,-137
412,412,DraftKings Pick6,player_blocks_steals,Luguentz Dort,Over,1.5,-137
413,413,DraftKings Pick6,player_blocks_steals,Luguentz Dort,Under,1.5,-137
414,414,DraftKings Pick6,player_blocks_steals,Myles Turner,Over,2.5,-137
415,415,DraftKings Pick6,player_blocks_steals,Myles Turner,Under,2.5,-137
