,NAME,BOOKMAKER,CATEGORY,LINE,OVER/UNDER,ODDS,SIM PROB,EV,KELLY CRITERION
0,Shai Gilgeous-Alexander,Bovada,player_points,29.5,Under,210,0.474,46.96,0.2236
1,Isaiah Hartenstein,BetRivers,player_points,7.5,Over,112,0.679,44.0,0.3929
2,Isaiah Hartenstein,BetRivers,player_points,6.5,Over,-121,0.777,41.98,0.508
3,Shai Gilgeous-Alexander,Bovada,player_points,31.5,Under,150,0.563,40.73,0.2715
4,Shai Gilgeous-Alexander,Bovada,player_points,30.5,Under,175,0.511,40.59,0.2319
5,Shai Gilgeous-Alexander,Bovada,player_points,32.5,Under,125,0.612,37.81,0.3025
6,Isaiah Joe,DraftKings,player_points,3.5,Over,110,0.653,37.12,0.3375
7,Shai Gilgeous-Alexander,Bovada,player_points,33.5,Under,105,0.657,34.65,0.33
8,Isaiah Hartenstein,BetOnline.ag,player_points,7.5,Over,-103,0.681,34.31,0.3534
9,Isaiah Hartenstein,FanDuel,player_points,6.5,Over,-136,0.769,33.46,0.4551
10,Isaiah Hartenstein,DraftKings,player_points,7.5,Over,-105,0.682,33.1,0.3475
11,Isaiah Hartenstein,Bovada,player_points,7.5,Over,-105,0.679,32.52,0.3415
12,Isaiah Hartenstein,Bovada,player_points,8.5,Over,130,0.575,32.16,0.2474
13,Shai Gilgeous-Alexander,Bovada,player_points,34.5,Under,-115,0.697,30.3,0.3485
14,Isaiah Hartenstein,Bovada,player_points,9.5,Over,180,0.465,30.12,0.1673
15,Shai Gilgeous-Alexander,Bovada,player_points,35.5,Under,-135,0.742,29.15,0.3936
16,Shai Gilgeous-Alexander,DraftKings,player_points,34.5,Under,-120,0.702,28.61,0.3433
17,Shai Gilgeous-Alexander,BetOnline.ag,player_points,34.5,Under,-119,0.698,28.46,0.3386
18,Isaiah Hartenstein,Bovada,player_points,6.5,Over,-150,0.77,28.29,0.4244
19,Shai Gilgeous-Alexander,BetRivers,player_points,32.5,Under,107,0.613,26.88,0.2512
20,Shai Gilgeous-Alexander,Bovada,player_points,36.5,Under,-160,0.78,26.74,0.4279
21,Shai Gilgeous-Alexander,BetRivers,player_points,33.5,Under,-110,0.655,25.04,0.2755
22,Shai Gilgeous-Alexander,BetRivers,player_points,34.5,Under,-130,0.705,24.72,0.3214
23,Shai Gilgeous-Alexander,Bovada,player_points,37.5,Under,-190,0.813,24.07,0.4573
24,Shai Gilgeous-Alexander,FanDuel,player_points,34.5,Under,-130,0.701,23.97,0.3117
25,Aaron Nesmith,Bovada,player_points,15.5,Over,210,0.399,23.55,0.1121
26,Bennedict Mathurin,Bovada,player_points,11.5,Over,190,0.424,22.96,0.1208
27,Shai Gilgeous-Alexander,Bovada,player_points,38.5,Under,-230,0.851,22.13,0.5089
28,Isaiah Hartenstein,Bovada,player_points,5.5,Over,-230,0.848,21.61,0.497
29,Shai Gilgeous-Alexander,BetRivers,player_points,35.5,Under,-157,0.742,21.52,0.3378
30,Aaron Nesmith,Bovada,player_points,14.5,Over,160,0.464,20.56,0.1285
31,Shai Gilgeous-Alexander,Bovada,player_points,39.5,Under,-275,0.879,19.87,0.5464
32,T.J. McConnell,BetRivers,player_points,6.5,Over,-122,0.652,18.7,0.2281
33,Bennedict Mathurin,Bovada,player_points,10.5,Over,145,0.482,18.2,0.1255
34,Cason Wallace,DraftKings,player_points,6.5,Under,-125,0.652,17.34,0.2168
35,Aaron Nesmith,Bovada,player_points,13.5,Over,125,0.521,17.26,0.1381
36,T.J. McConnell,BetRivers,player_points,7.5,Over,105,0.568,16.51,0.1573
37,Cason Wallace,BetOnline.ag,player_points,6.5,Under,-127,0.651,16.31,0.2071
38,T.J. McConnell,Bovada,player_points,8.5,Over,135,0.494,16.05,0.1189
39,T.J. McConnell,FanDuel,player_points,6.5,Over,-130,0.655,15.89,0.2066
40,T.J. McConnell,Bovada,player_points,9.5,Over,180,0.414,15.81,0.0879
41,Bennedict Mathurin,FanDuel,player_points,8.5,Over,-102,0.579,14.66,0.1495
42,Aaron Nesmith,BetOnline.ag,player_points,12.5,Over,-103,0.58,14.25,0.1468
43,Aaron Nesmith,Bovada,player_points,12.5,Over,-105,0.585,14.22,0.1493
44,Aaron Nesmith,FanDuel,player_points,12.5,Over,-102,0.576,14.17,0.1445
45,Pascal Siakam,Bovada,player_points,22.5,Over,170,0.423,14.12,0.0831
46,T.J. McConnell,DraftKings,player_points,6.5,Over,-130,0.644,13.97,0.1816
47,Pascal Siakam,Bovada,player_points,23.5,Over,210,0.366,13.31,0.0634
48,Aaron Nesmith,DraftKings,player_points,12.5,Over,-105,0.579,13.13,0.1379
49,T.J. McConnell,Bovada,player_points,7.5,Over,-105,0.577,12.75,0.1338
50,Pascal Siakam,Bovada,player_points,21.5,Over,140,0.469,12.66,0.0905
51,Bennedict Mathurin,BetRivers,player_points,8.5,Over,-105,0.575,12.22,0.1283
52,Pascal Siakam,BetOnline.ag,player_points,19.5,Over,-106,0.577,12.15,0.1288
53,Pascal Siakam,Bovada,player_points,20.5,Over,115,0.52,11.85,0.103
54,Myles Turner,DraftKings,player_points,13.5,Over,-130,0.628,11.08,0.144
55,T.J. McConnell,BetOnline.ag,player_points,7.5,Over,-108,0.577,11.05,0.1193
56,Aaron Nesmith,Bovada,player_points,11.5,Over,-135,0.638,11.02,0.1487
57,Bennedict Mathurin,DraftKings,player_points,8.5,Over,-110,0.581,10.94,0.1203
58,Myles Turner,FanDuel,player_points,13.5,Over,-128,0.622,10.85,0.1389
59,Aaron Nesmith,BetRivers,player_points,11.5,Over,-141,0.647,10.63,0.1499
60,Pascal Siakam,BetRivers,player_points,20.5,Over,110,0.527,10.59,0.0963
61,Cason Wallace,BetRivers,player_points,6.5,Under,-143,0.65,10.51,0.1503
62,Thomas Bryant,FanDuel,player_points,2.5,Over,-106,0.568,10.41,0.1103
63,Tyrese Haliburton,BetRivers,player_points,17.5,Over,100,0.552,10.31,0.1031
64,Pascal Siakam,Bovada,player_points,19.5,Over,-110,0.577,10.06,0.1107
65,Aaron Nesmith,BetRivers,player_points,12.5,Over,-113,0.583,9.92,0.1121
66,Pascal Siakam,FanDuel,player_points,18.5,Over,-130,0.62,9.77,0.127
67,Bennedict Mathurin,Bovada,player_points,9.5,Over,110,0.522,9.53,0.0866
68,Pascal Siakam,DraftKings,player_points,19.5,Over,-110,0.573,9.3,0.1023
69,Aaron Nesmith,BetRivers,player_points,13.5,Over,110,0.52,9.23,0.0839
70,Thomas Bryant,DraftKings,player_points,2.5,Over,-110,0.572,9.12,0.1003
71,Pascal Siakam,BetRivers,player_points,19.5,Over,-112,0.576,9.1,0.1019
72,Andrew Nembhard,Bovada,player_points,11.5,Over,-125,0.605,8.86,0.1108
73,Andrew Nembhard,DraftKings,player_points,11.5,Over,-125,0.604,8.72,0.109
74,Pascal Siakam,Bovada,player_points,18.5,Over,-135,0.623,8.49,0.1146
75,Bennedict Mathurin,BetOnline.ag,player_points,8.5,Over,-115,0.58,8.43,0.097
76,T.J. McConnell,Bovada,player_points,6.5,Over,-150,0.65,8.29,0.1244
77,Andrew Nembhard,BetOnline.ag,player_points,11.5,Over,-123,0.597,8.29,0.1019
78,Myles Turner,BetRivers,player_points,13.5,Over,-136,0.624,8.25,0.1122
79,Tyrese Haliburton,BetRivers,player_points,16.5,Over,-125,0.601,8.16,0.102
80,Chet Holmgren,Bovada,player_points,13.5,Over,-165,0.673,8.1,0.1337
81,Pascal Siakam,BetRivers,player_points,18.5,Over,-137,0.625,8.03,0.1101
82,Ben Sheppard,DraftKings,player_points,2.5,Over,-120,0.589,8.01,0.0962
83,Tyrese Haliburton,FanDuel,player_points,17.5,Over,-106,0.554,7.7,0.0816
84,Andrew Nembhard,Bovada,player_points,12.5,Over,105,0.524,7.4,0.0704
85,Aaron Nesmith,Bovada,player_points,10.5,Over,-185,0.696,7.24,0.1339
86,Myles Turner,BetRivers,player_points,14.5,Over,-107,0.553,6.99,0.0748
87,Chet Holmgren,Bovada,player_points,14.5,Over,-125,0.593,6.68,0.0835
88,Chet Holmgren,Bovada,player_points,12.5,Over,-220,0.731,6.34,0.1394
89,Bennedict Mathurin,BetRivers,player_points,7.5,Over,-141,0.62,5.97,0.0842
90,Andrew Nembhard,FanDuel,player_points,11.5,Over,-130,0.599,5.94,0.0772
91,Andrew Nembhard,Bovada,player_points,13.5,Over,135,0.45,5.73,0.0424
92,Pascal Siakam,Bovada,player_points,17.5,Over,-180,0.677,5.28,0.0951
93,Andrew Nembhard,BetRivers,player_points,11.5,Over,-132,0.599,5.2,0.0686
94,Tyrese Haliburton,BetRivers,player_points,15.5,Over,-159,0.644,4.89,0.0778
95,Luguentz Dort,Bovada,player_points,11.5,Under,-300,0.787,4.89,0.1466
96,Andrew Nembhard,Bovada,player_points,10.5,Over,-180,0.673,4.62,0.0832
97,Andrew Nembhard,Bovada,player_points,14.5,Over,170,0.386,4.3,0.0253
98,Jalen Williams,BetRivers,player_points,21.5,Under,-125,0.579,4.26,0.0532
99,Chet Holmgren,FanDuel,player_points,15.5,Over,-102,0.526,4.26,0.0435
100,Myles Turner,Bovada,player_points,13.5,Over,-150,0.625,4.22,0.0634
101,Myles Turner,BetOnline.ag,player_points,14.5,Over,-111,0.548,4.16,0.0461
102,Chet Holmgren,Bovada,player_points,15.5,Over,100,0.519,3.79,0.0379
103,Tyrese Haliburton,Bovada,player_points,21.5,Over,190,0.358,3.76,0.0198
104,Luguentz Dort,Bovada,player_points,10.5,Under,-215,0.708,3.73,0.0803
105,Pascal Siakam,Bovada,player_points,16.5,Over,-230,0.722,3.66,0.0842
106,T.J. McConnell,Bovada,player_points,5.5,Over,-230,0.722,3.63,0.0835
107,Tyrese Haliburton,Bovada,player_points,20.5,Over,155,0.406,3.51,0.0227
108,Myles Turner,Bovada,player_points,12.5,Over,-200,0.69,3.44,0.0688
109,Chet Holmgren,Bovada,player_points,16.5,Over,130,0.449,3.37,0.0259
110,Alex Caruso,Bovada,player_points,11.5,Under,-220,0.71,3.21,0.0706
111,Chet Holmgren,BetRivers,player_points,14.5,Over,-134,0.591,3.19,0.0428
112,Chet Holmgren,BetOnline.ag,player_points,15.5,Over,-102,0.521,3.15,0.0322
113,Andrew Nembhard,Bovada,player_points,9.5,Over,-245,0.732,3.1,0.076
114,Myles Turner,Bovada,player_points,11.5,Over,-275,0.755,2.96,0.0813
115,Jalen Williams,DraftKings,player_points,21.5,Under,-125,0.572,2.94,0.0368
116,Aaron Nesmith,Bovada,player_points,9.5,Over,-260,0.743,2.9,0.0754
117,Andrew Nembhard,BetRivers,player_points,12.5,Over,-103,0.521,2.78,0.0286
118,Chet Holmgren,DraftKings,player_points,15.5,Over,-105,0.525,2.51,0.0263
119,Jalen Williams,BetRivers,player_points,22.5,Under,-155,0.622,2.4,0.0373
120,Bennedict Mathurin,Bovada,player_points,8.5,Over,-130,0.578,2.26,0.0294
121,Tyrese Haliburton,BetOnline.ag,player_points,17.5,Over,-116,0.546,1.76,0.0204
122,Jalen Williams,FanDuel,player_points,21.5,Under,-128,0.571,1.72,0.022
123,Jalen Williams,Bovada,player_points,17.5,Under,185,0.357,1.64,0.0089
124,Alex Caruso,Bovada,player_points,9.5,Under,-120,0.554,1.55,0.0186
125,Jalen Williams,BetOnline.ag,player_points,21.5,Under,-125,0.564,1.53,0.0192
126,Myles Turner,Bovada,player_points,14.5,Over,-115,0.543,1.51,0.0174
127,Cason Wallace,FanDuel,player_points,5.5,Under,100,0.507,1.42,0.0142
128,Chet Holmgren,BetRivers,player_points,15.5,Over,-107,0.524,1.42,0.0152
129,Jalen Williams,Bovada,player_points,21.5,Under,-130,0.573,1.3,0.0169
130,Jalen Williams,Bovada,player_points,24.5,Under,-250,0.722,1.14,0.0285
131,Tyrese Haliburton,Bovada,player_points,19.5,Over,125,0.449,1.0,0.008
132,Luguentz Dort,Bovada,player_points,9.5,Under,-160,0.621,0.93,0.0148
133,Alex Caruso,Bovada,player_points,10.5,Under,-165,0.628,0.85,0.014
134,Myles Turner,BetRivers,player_points,15.5,Over,116,0.467,0.78,0.0067
135,Cason Wallace,BetRivers,player_points,5.5,Under,-103,0.511,0.77,0.008
136,Jalen Williams,Bovada,player_points,22.5,Under,-165,0.627,0.75,0.0125
137,Tyrese Haliburton,Bovada,player_points,18.5,Over,100,0.503,0.67,0.0067
138,Alex Caruso,BetOnline.ag,player_points,9.5,Under,-120,0.548,0.47,0.0056
139,Tyrese Haliburton,DraftKings,player_points,17.5,Over,-120,0.548,0.38,0.0046
140,Jalen Williams,Bovada,player_points,20.5,Under,-105,0.513,0.18,0.0019
141,Jalen Williams,Bovada,player_points,18.5,Under,150,0.4,-0.07,0.0
142,Jalen Williams,Bovada,player_points,19.5,Under,120,0.454,-0.19,0.0
143,Jalen Williams,BetRivers,player_points,20.5,Under,-105,0.511,-0.23,0.0
144,Alex Caruso,Bovada,player_points,8.5,Under,115,0.464,-0.25,0.0
145,Alex Caruso,BetRivers,player_points,7.5,Over,-167,0.624,-0.28,0.0
146,Jalen Williams,BetRivers,player_points,19.5,Under,115,0.463,-0.48,0.0
147,Jalen Williams,Bovada,player_points,23.5,Under,-200,0.663,-0.62,0.0
148,Myles Turner,Bovada,player_points,15.5,Over,110,0.473,-0.66,0.0
149,Chet Holmgren,Bovada,player_points,17.5,Over,165,0.375,-0.7,0.0
150,Aaron Wiggins,DraftKings,player_points,6.5,Under,-120,0.541,-0.73,0.0
151,Myles Turner,Bovada,player_points,16.5,Over,145,0.404,-1.04,0.0
152,Alex Caruso,Bovada,player_points,7.5,Under,160,0.381,-1.07,0.0
153,Luguentz Dort,Bovada,player_points,8.5,Under,-115,0.528,-1.33,0.0
154,Obi Toppin,Bovada,player_points,11.5,Under,-220,0.676,-1.62,0.0
155,Tyrese Haliburton,Bovada,player_points,16.5,Over,-160,0.605,-1.72,0.0
156,Luguentz Dort,Bovada,player_points,7.5,Under,125,0.437,-1.73,0.0
157,Tyrese Haliburton,Bovada,player_points,17.5,Over,-125,0.544,-2.06,0.0
158,Obi Toppin,BetRivers,player_points,10.5,Under,-157,0.598,-2.19,0.0
159,Obi Toppin,DraftKings,player_points,9.5,Under,-115,0.523,-2.31,0.0
160,Chet Holmgren,BetRivers,player_points,16.5,Over,116,0.452,-2.4,0.0
161,Aaron Wiggins,BetOnline.ag,player_points,6.5,Under,-127,0.545,-2.56,0.0
162,Luguentz Dort,BetRivers,player_points,7.5,Over,-143,0.572,-2.79,0.0
163,Luguentz Dort,BetOnline.ag,player_points,8.5,Under,-119,0.528,-2.87,0.0
164,Aaron Wiggins,BetRivers,player_points,6.5,Under,-134,0.556,-2.93,0.0
165,Obi Toppin,Bovada,player_points,10.5,Under,-165,0.604,-2.95,0.0
166,Obi Toppin,BetOnline.ag,player_points,9.5,Under,-119,0.527,-3.05,0.0
167,Bennedict Mathurin,Bovada,player_points,7.5,Over,-185,0.628,-3.18,0.0
168,Bennedict Mathurin,Bovada,player_points,6.5,Under,200,0.322,-3.33,0.0
169,Alex Caruso,DraftKings,player_points,8.5,Over,-125,0.537,-3.34,0.0
170,Obi Toppin,FanDuel,player_points,9.5,Under,-122,0.53,-3.57,0.0
171,Alex Caruso,BetRivers,player_points,8.5,Over,-125,0.534,-3.87,0.0
172,Obi Toppin,BetRivers,player_points,9.5,Under,-121,0.526,-3.87,0.0
173,Obi Toppin,Bovada,player_points,9.5,Under,-120,0.523,-4.08,0.0
174,Obi Toppin,Bovada,player_points,8.5,Under,115,0.446,-4.15,0.0
175,Aaron Wiggins,FanDuel,player_points,6.5,Under,-132,0.544,-4.45,0.0
176,Alex Caruso,BetRivers,player_points,9.5,Under,-134,0.546,-4.62,0.0
177,Tyrese Haliburton,Bovada,player_points,15.5,Over,-210,0.646,-4.64,0.0
178,Obi Toppin,Bovada,player_points,7.5,Under,160,0.365,-5.23,0.0
179,Luguentz Dort,Bovada,player_points,6.5,Over,-240,0.667,-5.47,0.0
180,Myles Turner,Bovada,player_points,17.5,Under,-245,0.67,-5.59,0.0
181,Luguentz Dort,BetRivers,player_points,8.5,Over,-103,0.479,-5.66,0.0
182,Chet Holmgren,Bovada,player_points,18.5,Over,205,0.309,-5.75,0.0
183,Chet Holmgren,Bovada,player_points,18.5,Under,-280,0.694,-5.82,0.0
184,Tyrese Haliburton,Bovada,player_points,14.5,Under,200,0.313,-6.05,0.0
185,Aaron Wiggins,BetRivers,player_points,5.5,Under,-103,0.477,-6.05,0.0
186,Obi Toppin,BetRivers,player_points,8.5,Over,-143,0.553,-6.06,0.0
187,Luguentz Dort,DraftKings,player_points,8.5,Over,100,0.47,-6.07,0.0
188,Luguentz Dort,FanDuel,player_points,8.5,Over,-102,0.472,-6.5,0.0
189,Tyrese Haliburton,Bovada,player_points,14.5,Over,-275,0.685,-6.54,0.0
190,Aaron Wiggins,BetRivers,player_points,5.5,Over,-130,0.528,-6.59,0.0
191,Luguentz Dort,DraftKings,player_points,8.5,Under,-130,0.527,-6.75,0.0
192,Alex Caruso,FanDuel,player_points,8.5,Over,-136,0.537,-6.84,0.0
193,Luguentz Dort,FanDuel,player_points,8.5,Under,-130,0.526,-6.86,0.0
194,Luguentz Dort,BetRivers,player_points,8.5,Under,-132,0.528,-7.21,0.0
195,Bennedict Mathurin,Bovada,player_points,6.5,Over,-275,0.68,-7.24,0.0
196,Obi Toppin,FanDuel,player_points,9.5,Over,-108,0.481,-7.32,0.0
197,Obi Toppin,Bovada,player_points,8.5,Over,-150,0.556,-7.35,0.0
198,Myles Turner,Bovada,player_points,17.5,Over,180,0.33,-7.5,0.0
199,Obi Toppin,Bovada,player_points,7.5,Over,-215,0.63,-7.63,0.0
200,Alex Caruso,FanDuel,player_points,8.5,Under,102,0.455,-8.01,0.0
201,Obi Toppin,BetRivers,player_points,8.5,Under,107,0.444,-8.18,0.0
202,Tyrese Haliburton,Bovada,player_points,15.5,Under,155,0.36,-8.25,0.0
203,Luguentz Dort,Bovada,player_points,7.5,Over,-165,0.571,-8.36,0.0
204,Alex Caruso,Bovada,player_points,7.5,Over,-215,0.625,-8.45,0.0
205,Chet Holmgren,Bovada,player_points,17.5,Under,-220,0.627,-8.77,0.0
206,Obi Toppin,BetOnline.ag,player_points,9.5,Over,-109,0.475,-8.85,0.0
207,Myles Turner,Bovada,player_points,16.5,Under,-190,0.597,-8.93,0.0
208,Luguentz Dort,Bovada,player_points,6.5,Under,175,0.331,-9.05,0.0
209,Aaron Wiggins,FanDuel,player_points,6.5,Over,100,0.455,-9.09,0.0
210,Alex Caruso,DraftKings,player_points,8.5,Under,-105,0.465,-9.14,0.0
211,Jalen Williams,Bovada,player_points,17.5,Over,-250,0.648,-9.32,0.0
212,Bennedict Mathurin,Bovada,player_points,7.5,Under,140,0.378,-9.4,0.0
213,Aaron Wiggins,BetRivers,player_points,6.5,Over,100,0.453,-9.48,0.0
214,Alex Caruso,Bovada,player_points,8.5,Over,-150,0.543,-9.55,0.0
215,Alex Caruso,BetRivers,player_points,9.5,Over,100,0.452,-9.62,0.0
216,Luguentz Dort,BetOnline.ag,player_points,8.5,Over,-109,0.471,-9.72,0.0
217,Obi Toppin,Bovada,player_points,9.5,Over,-110,0.47,-10.2,0.0
218,Obi Toppin,Bovada,player_points,10.5,Over,125,0.399,-10.25,0.0
219,Alex Caruso,BetRivers,player_points,8.5,Under,-107,0.463,-10.49,0.0
220,Aaron Wiggins,BetOnline.ag,player_points,6.5,Over,-102,0.452,-10.52,0.0
221,Andrew Nembhard,Bovada,player_points,14.5,Under,-230,0.623,-10.62,0.0
222,Myles Turner,Bovada,player_points,15.5,Under,-145,0.529,-10.69,0.0
223,Obi Toppin,DraftKings,player_points,9.5,Over,-115,0.477,-10.77,0.0
224,Tyrese Haliburton,Bovada,player_points,16.5,Under,120,0.405,-10.82,0.0
225,Chet Holmgren,BetRivers,player_points,16.5,Under,-159,0.547,-10.93,0.0
226,Luguentz Dort,BetRivers,player_points,7.5,Under,107,0.43,-10.96,0.0
227,Jalen Williams,Bovada,player_points,19.5,Over,-160,0.547,-11.04,0.0
228,Obi Toppin,BetRivers,player_points,9.5,Over,-110,0.466,-11.1,0.0
229,Tyrese Haliburton,Bovada,player_points,17.5,Under,-105,0.454,-11.41,0.0
230,Jalen Williams,Bovada,player_points,18.5,Over,-200,0.59,-11.52,0.0
231,Jalen Williams,BetRivers,player_points,19.5,Over,-157,0.54,-11.67,0.0
232,Tyrese Haliburton,Bovada,player_points,21.5,Under,-260,0.637,-11.87,0.0
233,Luguentz Dort,Bovada,player_points,8.5,Over,-115,0.471,-11.99,0.0
234,Tyrese Haliburton,Bovada,player_points,19.5,Under,-165,0.547,-12.18,0.0
235,Tyrese Haliburton,Bovada,player_points,18.5,Under,-130,0.494,-12.62,0.0
236,Tyrese Haliburton,Bovada,player_points,20.5,Under,-210,0.591,-12.78,0.0
237,Aaron Wiggins,DraftKings,player_points,6.5,Over,-110,0.457,-12.8,0.0
238,Alex Caruso,BetOnline.ag,player_points,9.5,Over,-108,0.452,-12.9,0.0
239,Chet Holmgren,Bovada,player_points,16.5,Under,-170,0.548,-13.0,0.0
240,Jalen Williams,Bovada,player_points,20.5,Over,-125,0.483,-13.05,0.0
241,Jalen Williams,Bovada,player_points,21.5,Over,100,0.435,-13.09,0.0
242,Jalen Williams,BetRivers,player_points,20.5,Over,-127,0.485,-13.32,0.0
243,Myles Turner,BetRivers,player_points,15.5,Under,-159,0.528,-13.98,0.0
244,Alex Caruso,Bovada,player_points,9.5,Over,-110,0.45,-14.09,0.0
245,Tyrese Haliburton,BetOnline.ag,player_points,17.5,Under,-111,0.451,-14.33,0.0
246,Bennedict Mathurin,Bovada,player_points,8.5,Under,100,0.428,-14.33,0.0
247,Cason Wallace,BetRivers,player_points,5.5,Over,-130,0.484,-14.33,0.0
248,Tyrese Haliburton,DraftKings,player_points,17.5,Under,-110,0.448,-14.51,0.0
249,Andrew Nembhard,Bovada,player_points,13.5,Under,-180,0.549,-14.63,0.0
250,Alex Caruso,BetRivers,player_points,7.5,Under,120,0.388,-14.65,0.0
251,Chet Holmgren,DraftKings,player_points,15.5,Under,-125,0.474,-14.74,0.0
252,Chet Holmgren,BetOnline.ag,player_points,15.5,Under,-127,0.476,-14.93,0.0
253,Jalen Williams,FanDuel,player_points,21.5,Over,-104,0.433,-15.04,0.0
254,Cason Wallace,FanDuel,player_points,5.5,Over,-132,0.483,-15.08,0.0
255,Luguentz Dort,Bovada,player_points,9.5,Over,120,0.386,-15.11,0.0
256,Chet Holmgren,Bovada,player_points,15.5,Under,-130,0.479,-15.19,0.0
257,Jalen Williams,BetRivers,player_points,21.5,Over,-106,0.436,-15.25,0.0
258,Jalen Williams,BetOnline.ag,player_points,21.5,Over,-103,0.43,-15.25,0.0
259,Obi Toppin,Bovada,player_points,11.5,Over,165,0.319,-15.57,0.0
260,Pascal Siakam,Bovada,player_points,23.5,Under,-290,0.627,-15.66,0.0
261,Myles Turner,Bovada,player_points,14.5,Under,-115,0.451,-15.72,0.0
262,Chet Holmgren,BetRivers,player_points,15.5,Under,-125,0.468,-15.83,0.0
263,Obi Toppin,BetRivers,player_points,10.5,Over,115,0.39,-16.11,0.0
264,Andrew Nembhard,BetRivers,player_points,12.5,Under,-130,0.473,-16.34,0.0
265,Alex Caruso,Bovada,player_points,10.5,Over,125,0.371,-16.5,0.0
266,Andrew Nembhard,Bovada,player_points,12.5,Under,-135,0.48,-16.51,0.0
267,Myles Turner,BetOnline.ag,player_points,14.5,Under,-116,0.448,-16.67,0.0
268,Jalen Williams,DraftKings,player_points,21.5,Over,-105,0.427,-16.72,0.0
269,Jalen Williams,Bovada,player_points,22.5,Over,125,0.369,-16.93,0.0
270,Chet Holmgren,FanDuel,player_points,15.5,Under,-130,0.469,-16.96,0.0
271,Jalen Williams,Bovada,player_points,23.5,Over,150,0.33,-17.44,0.0
272,Pascal Siakam,Bovada,player_points,22.5,Under,-230,0.575,-17.51,0.0
273,Myles Turner,Bovada,player_points,13.5,Under,115,0.383,-17.59,0.0
274,Myles Turner,BetRivers,player_points,14.5,Under,-124,0.45,-18.77,0.0
275,Tyrese Haliburton,FanDuel,player_points,17.5,Under,-125,0.451,-18.87,0.0
276,Aaron Nesmith,Bovada,player_points,15.5,Under,-290,0.603,-18.89,0.0
277,T.J. McConnell,Bovada,player_points,9.5,Under,-245,0.576,-18.93,0.0
278,Pascal Siakam,Bovada,player_points,21.5,Under,-185,0.526,-18.97,0.0
279,Aaron Nesmith,BetRivers,player_points,13.5,Under,-150,0.485,-19.19,0.0
280,Chet Holmgren,BetRivers,player_points,14.5,Under,100,0.404,-19.22,0.0
281,Andrew Nembhard,FanDuel,player_points,11.5,Under,-102,0.404,-19.99,0.0
282,Pascal Siakam,BetRivers,player_points,20.5,Under,-148,0.477,-19.99,0.0
283,Jalen Williams,Bovada,player_points,24.5,Over,185,0.281,-20.03,0.0
284,Aaron Nesmith,Bovada,player_points,14.5,Under,-215,0.545,-20.11,0.0
285,Bennedict Mathurin,Bovada,player_points,11.5,Under,-260,0.576,-20.25,0.0
286,Ben Sheppard,DraftKings,player_points,2.5,Under,-110,0.417,-20.3,0.0
287,Pascal Siakam,Bovada,player_points,20.5,Under,-150,0.477,-20.52,0.0
288,T.J. McConnell,BetOnline.ag,player_points,7.5,Under,-120,0.433,-20.59,0.0
289,Chet Holmgren,Bovada,player_points,14.5,Under,-105,0.406,-20.66,0.0
290,Bennedict Mathurin,Bovada,player_points,10.5,Under,-190,0.518,-20.87,0.0
291,Andrew Nembhard,BetRivers,player_points,11.5,Under,100,0.395,-20.93,0.0
292,Bennedict Mathurin,BetOnline.ag,player_points,8.5,Under,-112,0.417,-21.01,0.0
293,Myles Turner,Bovada,player_points,12.5,Under,150,0.316,-21.04,0.0
294,Bennedict Mathurin,Bovada,player_points,9.5,Under,-145,0.467,-21.11,0.0
295,Andrew Nembhard,BetOnline.ag,player_points,11.5,Under,-104,0.402,-21.14,0.0
296,Thomas Bryant,DraftKings,player_points,2.5,Under,-120,0.43,-21.15,0.0
297,T.J. McConnell,Bovada,player_points,8.5,Under,-180,0.507,-21.2,0.0
298,Pascal Siakam,DraftKings,player_points,19.5,Under,-120,0.428,-21.51,0.0
299,Jalen Williams,BetRivers,player_points,22.5,Over,112,0.37,-21.54,0.0
300,Andrew Nembhard,DraftKings,player_points,11.5,Under,-105,0.402,-21.56,0.0
301,Tyrese Haliburton,BetRivers,player_points,17.5,Under,-132,0.446,-21.57,0.0
302,Aaron Nesmith,Bovada,player_points,13.5,Under,-165,0.488,-21.64,0.0
303,Tyrese Haliburton,BetRivers,player_points,15.5,Under,116,0.361,-22.0,0.0
304,Pascal Siakam,BetRivers,player_points,19.5,Under,-120,0.424,-22.19,0.0
305,Tyrese Haliburton,BetRivers,player_points,16.5,Under,-107,0.402,-22.21,0.0
306,Aaron Nesmith,BetRivers,player_points,12.5,Under,-118,0.421,-22.24,0.0
307,Pascal Siakam,Bovada,player_points,19.5,Under,-120,0.424,-22.29,0.0
308,Bennedict Mathurin,DraftKings,player_points,8.5,Under,-120,0.424,-22.32,0.0
309,Aaron Nesmith,DraftKings,player_points,12.5,Under,-125,0.431,-22.38,0.0
310,Pascal Siakam,Bovada,player_points,18.5,Under,105,0.378,-22.43,0.0
311,Thomas Bryant,FanDuel,player_points,2.5,Under,-125,0.43,-22.61,0.0
312,Pascal Siakam,Bovada,player_points,16.5,Under,170,0.286,-22.79,0.0
313,Alex Caruso,Bovada,player_points,11.5,Over,165,0.291,-22.82,0.0
314,Andrew Nembhard,Bovada,player_points,11.5,Under,-105,0.394,-22.98,0.0
315,Pascal Siakam,Bovada,player_points,17.5,Under,135,0.328,-22.98,0.0
316,Andrew Nembhard,Bovada,player_points,10.5,Under,135,0.327,-23.05,0.0
317,T.J. McConnell,Bovada,player_points,5.5,Under,170,0.285,-23.11,0.0
318,T.J. McConnell,Bovada,player_points,7.5,Under,-125,0.425,-23.5,0.0
319,Bennedict Mathurin,BetRivers,player_points,7.5,Under,106,0.37,-23.76,0.0
320,Pascal Siakam,BetRivers,player_points,18.5,Under,104,0.374,-23.77,0.0
321,Aaron Nesmith,BetOnline.ag,player_points,12.5,Under,-125,0.423,-23.82,0.0
322,Pascal Siakam,BetOnline.ag,player_points,19.5,Under,-122,0.418,-23.86,0.0
323,T.J. McConnell,Bovada,player_points,6.5,Under,115,0.354,-23.91,0.0
324,Myles Turner,BetRivers,player_points,13.5,Under,102,0.375,-24.16,0.0
325,Andrew Nembhard,Bovada,player_points,9.5,Under,180,0.27,-24.36,0.0
326,Chet Holmgren,Bovada,player_points,13.5,Under,125,0.336,-24.45,0.0
327,Aaron Nesmith,Bovada,player_points,11.5,Under,105,0.366,-25.05,0.0
328,Isaiah Hartenstein,Bovada,player_points,9.5,Under,-245,0.532,-25.08,0.0
329,Myles Turner,DraftKings,player_points,13.5,Under,100,0.374,-25.1,0.0
330,Bennedict Mathurin,FanDuel,player_points,8.5,Under,-130,0.423,-25.11,0.0
331,Aaron Nesmith,BetRivers,player_points,11.5,Under,106,0.363,-25.15,0.0
332,Luguentz Dort,Bovada,player_points,10.5,Over,160,0.287,-25.4,0.0
333,Aaron Nesmith,Bovada,player_points,12.5,Under,-125,0.414,-25.52,0.0
334,Myles Turner,Bovada,player_points,11.5,Under,200,0.248,-25.52,0.0
335,Bennedict Mathurin,BetRivers,player_points,8.5,Under,-127,0.416,-25.57,0.0
336,Aaron Nesmith,Bovada,player_points,10.5,Under,140,0.307,-26.32,0.0
337,Aaron Nesmith,FanDuel,player_points,12.5,Under,-130,0.416,-26.36,0.0
338,Pascal Siakam,FanDuel,player_points,18.5,Under,-102,0.371,-26.44,0.0
339,T.J. McConnell,BetRivers,player_points,7.5,Under,-139,0.426,-26.72,0.0
340,Myles Turner,FanDuel,player_points,13.5,Under,-104,0.373,-26.75,0.0
341,Shai Gilgeous-Alexander,Bovada,player_points,29.5,Over,-290,0.54,-27.37,0.0
342,Aaron Nesmith,Bovada,player_points,9.5,Under,190,0.25,-27.39,0.0
343,Cason Wallace,BetRivers,player_points,6.5,Over,107,0.349,-27.75,0.0
344,T.J. McConnell,DraftKings,player_points,6.5,Under,100,0.356,-28.89,0.0
345,Chet Holmgren,Bovada,player_points,12.5,Under,165,0.268,-28.94,0.0
346,T.J. McConnell,FanDuel,player_points,6.5,Under,-102,0.353,-30.02,0.0
347,Shai Gilgeous-Alexander,Bovada,player_points,30.5,Over,-240,0.492,-30.36,0.0
348,T.J. McConnell,BetRivers,player_points,6.5,Under,-108,0.355,-31.61,0.0
349,Cason Wallace,DraftKings,player_points,6.5,Over,-105,0.35,-31.62,0.0
350,Cason Wallace,BetOnline.ag,player_points,6.5,Over,-102,0.344,-31.97,0.0
351,Isaiah Hartenstein,Bovada,player_points,8.5,Under,-170,0.424,-32.72,0.0
352,Luguentz Dort,Bovada,player_points,11.5,Over,215,0.212,-33.1,0.0
353,Shai Gilgeous-Alexander,BetRivers,player_points,32.5,Over,-143,0.391,-33.5,0.0
354,Shai Gilgeous-Alexander,Bovada,player_points,31.5,Over,-200,0.43,-35.55,0.0
355,Shai Gilgeous-Alexander,Bovada,player_points,32.5,Over,-165,0.393,-36.89,0.0
356,Shai Gilgeous-Alexander,BetRivers,player_points,33.5,Over,-121,0.339,-38.02,0.0
357,Isaiah Joe,DraftKings,player_points,3.5,Under,-140,0.35,-40.03,0.0
358,Shai Gilgeous-Alexander,Bovada,player_points,33.5,Over,-135,0.343,-40.29,0.0
359,Shai Gilgeous-Alexander,BetRivers,player_points,34.5,Over,-103,0.298,-41.3,0.0
360,Isaiah Hartenstein,BetOnline.ag,player_points,7.5,Under,-125,0.323,-41.95,0.0
361,Shai Gilgeous-Alexander,BetOnline.ag,player_points,34.5,Over,-109,0.301,-42.25,0.0
362,Isaiah Hartenstein,Bovada,player_points,7.5,Under,-125,0.32,-42.34,0.0
363,Shai Gilgeous-Alexander,FanDuel,player_points,34.5,Over,-102,0.29,-42.52,0.0
364,Isaiah Hartenstein,DraftKings,player_points,7.5,Under,-125,0.317,-43.03,0.0
365,Shai Gilgeous-Alexander,DraftKings,player_points,34.5,Over,-110,0.291,-44.53,0.0
366,Shai Gilgeous-Alexander,Bovada,player_points,34.5,Over,-115,0.295,-44.87,0.0
367,Shai Gilgeous-Alexander,BetRivers,player_points,35.5,Over,114,0.256,-45.15,0.0
368,Isaiah Hartenstein,BetRivers,player_points,7.5,Under,-152,0.318,-47.35,0.0
369,Shai Gilgeous-Alexander,Bovada,player_points,35.5,Over,105,0.252,-48.25,0.0
370,Isaiah Hartenstein,Bovada,player_points,6.5,Under,115,0.229,-50.7,0.0
371,Shai Gilgeous-Alexander,Bovada,player_points,36.5,Over,120,0.213,-53.04,0.0
372,Isaiah Hartenstein,FanDuel,player_points,6.5,Under,102,0.226,-54.35,0.0
373,Shai Gilgeous-Alexander,Bovada,player_points,37.5,Over,145,0.186,-54.5,0.0
374,Isaiah Hartenstein,BetRivers,player_points,6.5,Under,-109,0.223,-57.22,0.0
375,Shai Gilgeous-Alexander,Bovada,player_points,38.5,Over,170,0.152,-59.0,0.0
376,Isaiah Hartenstein,Bovada,player_points,5.5,Under,170,0.148,-59.99,0.0
377,Shai Gilgeous-Alexander,Bovada,player_points,39.5,Over,200,0.121,-63.64,0.0
