,BOOKMAKER,CATEGORY,NAME,OVER/UNDER,LINE,ODDS
0,PrizePicks,player_points,Shai Gilgeous-Alexander,Over,33.5,-137
1,PrizePicks,player_points,Shai Gilgeous-Alexander,Under,33.5,-137
2,PrizePicks,player_points,Tyrese Haliburton,Over,18.0,-137
3,PrizePicks,player_points,Tyrese Haliburton,Under,18.0,-137
4,PrizePicks,player_points,Jalen Williams,Over,22.5,-137
5,PrizePicks,player_points,Jalen Williams,Under,22.5,-137
6,PrizePicks,player_points,Pascal Siakam,Over,18.5,-137
7,PrizePicks,player_points,Pascal Siakam,Under,18.5,-137
8,PrizePicks,player_points,Chet Holmgren,Over,15.5,-137
9,PrizePicks,player_points,Chet Holmgren,Under,15.5,-137
10,PrizePicks,player_points,Myles Turner,Over,14.5,-137
11,PrizePicks,player_points,Myles Turner,Under,14.5,-137
12,PrizePicks,player_points,Alex Caruso,Over,10.0,-137
13,PrizePicks,player_points,Alex Caruso,Under,10.0,-137
14,PrizePicks,player_points,Andrew Nembhard,Over,10.5,-137
15,PrizePicks,player_points,Andrew Nembhard,Under,10.5,-137
16,PrizePicks,player_points,Luguentz Dort,Over,8.5,-137
17,PrizePicks,player_points,Luguentz Dort,Under,8.5,-137
18,PrizePicks,player_points,Aaron Nesmith,Over,11.5,-137
19,PrizePicks,player_points,Aaron Nesmith,Under,11.5,-137
20,PrizePicks,player_points,Isaiah Hartenstein,Over,6.0,-137
21,PrizePicks,player_points,Isaiah Hartenstein,Under,6.0,-137
22,PrizePicks,player_points,T.J. McConnell,Over,7.0,-137
23,PrizePicks,player_points,T.J. McConnell,Under,7.0,-137
24,PrizePicks,player_points,Cason Wallace,Over,5.5,-137
25,PrizePicks,player_points,Cason Wallace,Under,5.5,-137
26,PrizePicks,player_points,Bennedict Mathurin,Over,10.5,-137
27,PrizePicks,player_points,Bennedict Mathurin,Under,10.5,-137
28,PrizePicks,player_points,Aaron Wiggins,Over,5.5,-137
29,PrizePicks,player_points,Aaron Wiggins,Under,5.5,-137
30,PrizePicks,player_points,Aaron Wiggins,Over,5.5,-137
31,PrizePicks,player_points,Aaron Wiggins,Under,5.5,-137
32,PrizePicks,player_points,Obi Toppin,Over,9.5,-137
33,PrizePicks,player_points,Obi Toppin,Under,9.5,-137
34,PrizePicks,player_points,Isaiah Joe,Over,2.5,-137
35,PrizePicks,player_points,Isaiah Joe,Under,2.5,-137
36,PrizePicks,player_points,Ben Sheppard,Over,3.0,-137
37,PrizePicks,player_points,Ben Sheppard,Under,3.0,-137
38,Underdog,player_points,Shai Gilgeous-Alexander,Over,33.5,-137
39,Underdog,player_points,Shai Gilgeous-Alexander,Under,33.5,-137
40,Underdog,player_points,Pascal Siakam,Over,18.5,-137
41,Underdog,player_points,Pascal Siakam,Under,18.5,-137
42,Underdog,player_points,Chet Holmgren,Over,15.5,-137
43,Underdog,player_points,Chet Holmgren,Under,15.5,-137
44,Underdog,player_points,Jalen Williams,Over,22.5,-137
45,Underdog,player_points,Jalen Williams,Under,22.5,-137
46,Underdog,player_points,Andrew Nembhard,Over,10.5,-137
47,Underdog,player_points,Andrew Nembhard,Under,10.5,-137
48,Underdog,player_points,Aaron Nesmith,Over,11.5,-137
49,Underdog,player_points,Aaron Nesmith,Under,11.5,-137
50,Underdog,player_points,Bennedict Mathurin,Over,10.5,-137
51,Underdog,player_points,Bennedict Mathurin,Under,10.5,-137
52,Underdog,player_points,Cason Wallace,Over,5.5,-137
53,Underdog,player_points,Cason Wallace,Under,5.5,-137
54,Underdog,player_points,Isaiah Joe,Over,2.5,-137
55,Underdog,player_points,Isaiah Joe,Under,2.5,-137
56,Underdog,player_points,Obi Toppin,Over,9.5,-137
57,Underdog,player_points,Obi Toppin,Under,9.5,-137
58,DraftKings Pick6,player_points,Cason Wallace,Over,5.5,-137
59,DraftKings Pick6,player_points,Cason Wallace,Under,5.5,-137
60,DraftKings Pick6,player_points,Luguentz Dort,Over,8.5,-137
61,DraftKings Pick6,player_points,Luguentz Dort,Under,8.5,-137
62,DraftKings Pick6,player_points,Jalen Williams,Over,21.5,-137
63,DraftKings Pick6,player_points,Jalen Williams,Under,21.5,-137
64,DraftKings Pick6,player_points,Aaron Nesmith,Over,11.5,-137
65,DraftKings Pick6,player_points,Aaron Nesmith,Under,11.5,-137
66,DraftKings Pick6,player_points,Obi Toppin,Over,9.5,-137
67,DraftKings Pick6,player_points,Obi Toppin,Under,9.5,-137
68,DraftKings Pick6,player_points,T.J. McConnell,Over,7.5,-137
69,DraftKings Pick6,player_points,T.J. McConnell,Under,7.5,-137
70,DraftKings Pick6,player_points,Shai Gilgeous-Alexander,Over,33.5,-137
71,DraftKings Pick6,player_points,Shai Gilgeous-Alexander,Under,33.5,-137
72,DraftKings Pick6,player_points,Bennedict Mathurin,Over,10.5,-137
73,DraftKings Pick6,player_points,Bennedict Mathurin,Under,10.5,-137
74,DraftKings Pick6,player_points,Isaiah Hartenstein,Over,6.5,-137
75,DraftKings Pick6,player_points,Isaiah Hartenstein,Under,6.5,-137
76,DraftKings Pick6,player_points,Chet Holmgren,Over,15.5,-137
77,DraftKings Pick6,player_points,Chet Holmgren,Under,15.5,-137
78,DraftKings Pick6,player_points,Aaron Wiggins,Over,5.5,-137
79,DraftKings Pick6,player_points,Aaron Wiggins,Under,5.5,-137
80,DraftKings Pick6,player_points,Myles Turner,Over,14.5,-137
81,DraftKings Pick6,player_points,Myles Turner,Under,14.5,-137
82,DraftKings Pick6,player_points,Pascal Siakam,Over,18.5,-137
83,DraftKings Pick6,player_points,Pascal Siakam,Under,18.5,-137
84,DraftKings Pick6,player_points,Tyrese Haliburton,Over,17.5,-137
85,DraftKings Pick6,player_points,Tyrese Haliburton,Under,17.5,-137
86,DraftKings Pick6,player_points,Ben Sheppard,Over,2.5,-137
87,DraftKings Pick6,player_points,Ben Sheppard,Under,2.5,-137
88,DraftKings Pick6,player_points,Alex Caruso,Over,9.5,-137
89,DraftKings Pick6,player_points,Alex Caruso,Under,9.5,-137
90,DraftKings Pick6,player_points,Andrew Nembhard,Over,10.5,-137
91,DraftKings Pick6,player_points,Andrew Nembhard,Under,10.5,-137
92,DraftKings Pick6,player_points,Tyrese Haliburton,Over,15.5,-137
93,DraftKings Pick6,player_points,Isaiah Joe,Over,2.5,-137
94,DraftKings Pick6,player_points,Isaiah Joe,Under,2.5,-137
95,PrizePicks,player_rebounds,Shai Gilgeous-Alexander,Over,5.5,-137
96,PrizePicks,player_rebounds,Shai Gilgeous-Alexander,Under,5.5,-137
97,PrizePicks,player_rebounds,Tyrese Haliburton,Over,5.0,-137
98,PrizePicks,player_rebounds,Tyrese Haliburton,Under,5.0,-137
99,PrizePicks,player_rebounds,Jalen Williams,Over,5.5,-137
100,PrizePicks,player_rebounds,Jalen Williams,Under,5.5,-137
101,PrizePicks,player_rebounds,Pascal Siakam,Over,7.0,-137
102,PrizePicks,player_rebounds,Pascal Siakam,Under,7.0,-137
103,PrizePicks,player_rebounds,Chet Holmgren,Over,8.5,-137
104,PrizePicks,player_rebounds,Chet Holmgren,Under,8.5,-137
105,PrizePicks,player_rebounds,Myles Turner,Over,5.0,-137
106,PrizePicks,player_rebounds,Myles Turner,Under,5.0,-137
107,PrizePicks,player_rebounds,Luguentz Dort,Over,3.5,-137
108,PrizePicks,player_rebounds,Luguentz Dort,Under,3.5,-137
109,PrizePicks,player_rebounds,Aaron Nesmith,Over,4.5,-137
110,PrizePicks,player_rebounds,Aaron Nesmith,Under,4.5,-137
111,PrizePicks,player_rebounds,Isaiah Hartenstein,Over,6.5,-137
112,PrizePicks,player_rebounds,Isaiah Hartenstein,Under,6.5,-137
113,PrizePicks,player_rebounds,Obi Toppin,Over,4.5,-137
114,PrizePicks,player_rebounds,Obi Toppin,Under,4.5,-137
115,Underdog,player_rebounds,Chet Holmgren,Over,8.5,-137
116,Underdog,player_rebounds,Chet Holmgren,Under,8.5,-137
117,Underdog,player_rebounds,Aaron Nesmith,Over,4.5,-137
118,Underdog,player_rebounds,Aaron Nesmith,Under,4.5,-137
119,Underdog,player_rebounds,Obi Toppin,Over,4.5,-137
120,Underdog,player_rebounds,Obi Toppin,Under,4.5,-137
121,DraftKings Pick6,player_rebounds,Bennedict Mathurin,Over,2.5,-137
122,DraftKings Pick6,player_rebounds,Bennedict Mathurin,Under,2.5,-137
123,DraftKings Pick6,player_rebounds,Pascal Siakam,Over,6.5,-137
124,DraftKings Pick6,player_rebounds,Pascal Siakam,Under,6.5,-137
125,DraftKings Pick6,player_rebounds,Luguentz Dort,Over,3.5,-137
126,DraftKings Pick6,player_rebounds,Luguentz Dort,Under,3.5,-137
127,DraftKings Pick6,player_rebounds,Andrew Nembhard,Over,3.5,-137
128,DraftKings Pick6,player_rebounds,Andrew Nembhard,Under,3.5,-137
129,DraftKings Pick6,player_rebounds,Jalen Williams,Over,5.5,-137
130,DraftKings Pick6,player_rebounds,Jalen Williams,Under,5.5,-137
131,DraftKings Pick6,player_rebounds,Chet Holmgren,Over,8.5,-137
132,DraftKings Pick6,player_rebounds,Chet Holmgren,Under,8.5,-137
133,DraftKings Pick6,player_rebounds,Isaiah Hartenstein,Over,6.5,-137
134,DraftKings Pick6,player_rebounds,Isaiah Hartenstein,Under,6.5,-137
135,DraftKings Pick6,player_rebounds,Obi Toppin,Over,4.5,-137
136,DraftKings Pick6,player_rebounds,Obi Toppin,Under,4.5,-137
137,DraftKings Pick6,player_rebounds,Alex Caruso,Over,3.5,-137
138,DraftKings Pick6,player_rebounds,Alex Caruso,Under,3.5,-137
139,DraftKings Pick6,player_rebounds,Shai Gilgeous-Alexander,Over,5.5,-137
140,DraftKings Pick6,player_rebounds,Shai Gilgeous-Alexander,Under,5.5,-137
141,DraftKings Pick6,player_rebounds,Aaron Nesmith,Over,4.5,-137
142,DraftKings Pick6,player_rebounds,Aaron Nesmith,Under,4.5,-137
143,DraftKings Pick6,player_rebounds,Chet Holmgren,Over,6.5,-137
144,DraftKings Pick6,player_rebounds,Cason Wallace,Over,2.5,-137
145,DraftKings Pick6,player_rebounds,Cason Wallace,Under,2.5,-137
146,PrizePicks,player_assists,Shai Gilgeous-Alexander,Over,6.5,-137
147,PrizePicks,player_assists,Shai Gilgeous-Alexander,Under,6.5,-137
148,PrizePicks,player_assists,Tyrese Haliburton,Over,8.5,-137
149,PrizePicks,player_assists,Tyrese Haliburton,Under,8.5,-137
150,PrizePicks,player_assists,Jalen Williams,Over,5.0,-137
151,PrizePicks,player_assists,Jalen Williams,Under,5.0,-137
152,PrizePicks,player_assists,Alex Caruso,Over,2.5,-137
153,PrizePicks,player_assists,Alex Caruso,Under,2.5,-137
154,PrizePicks,player_assists,Andrew Nembhard,Over,4.5,-137
155,PrizePicks,player_assists,Andrew Nembhard,Under,4.5,-137
156,PrizePicks,player_assists,Ben Sheppard,Over,0.5,-137
157,PrizePicks,player_assists,Ben Sheppard,Under,0.5,-137
158,Underdog,player_assists,Shai Gilgeous-Alexander,Over,6.5,-137
159,Underdog,player_assists,Shai Gilgeous-Alexander,Under,6.5,-137
160,Underdog,player_assists,Andrew Nembhard,Over,4.5,-137
161,Underdog,player_assists,Andrew Nembhard,Under,4.5,-137
162,Underdog,player_assists,Alex Caruso,Over,2.5,-137
163,Underdog,player_assists,Alex Caruso,Under,2.5,-137
164,DraftKings Pick6,player_assists,Ben Sheppard,Over,0.5,-137
165,DraftKings Pick6,player_assists,Ben Sheppard,Under,0.5,-137
166,DraftKings Pick6,player_assists,Tyrese Haliburton,Over,8.5,-137
167,DraftKings Pick6,player_assists,Tyrese Haliburton,Under,8.5,-137
168,DraftKings Pick6,player_assists,Alex Caruso,Over,2.5,-137
169,DraftKings Pick6,player_assists,Alex Caruso,Under,2.5,-137
170,DraftKings Pick6,player_assists,Isaiah Hartenstein,Over,1.5,-137
171,DraftKings Pick6,player_assists,Isaiah Hartenstein,Under,1.5,-137
172,DraftKings Pick6,player_assists,Andrew Nembhard,Over,4.5,-137
173,DraftKings Pick6,player_assists,Andrew Nembhard,Under,4.5,-137
174,DraftKings Pick6,player_assists,Shai Gilgeous-Alexander,Over,6.5,-137
175,DraftKings Pick6,player_assists,Shai Gilgeous-Alexander,Under,6.5,-137
176,DraftKings Pick6,player_assists,Chet Holmgren,Over,1.5,-137
177,DraftKings Pick6,player_assists,Chet Holmgren,Under,1.5,-137
178,DraftKings Pick6,player_assists,Aaron Wiggins,Over,0.5,-137
179,DraftKings Pick6,player_assists,Aaron Wiggins,Under,0.5,-137
180,DraftKings Pick6,player_assists,T.J. McConnell,Over,3.5,-137
181,DraftKings Pick6,player_assists,T.J. McConnell,Under,3.5,-137
182,PrizePicks,player_threes,Jalen Williams,Over,1.5,-137
183,PrizePicks,player_threes,Jalen Williams,Under,1.5,-137
184,PrizePicks,player_threes,Alex Caruso,Over,1.5,-137
185,PrizePicks,player_threes,Alex Caruso,Under,1.5,-137
186,PrizePicks,player_threes,Isaiah Joe,Over,0.5,-137
187,PrizePicks,player_threes,Isaiah Joe,Under,0.5,-137
188,Underdog,player_threes,Tyrese Haliburton,Over,2.5,-137
189,Underdog,player_threes,Tyrese Haliburton,Under,2.5,-137
190,Underdog,player_threes,Jalen Williams,Over,1.5,-137
191,Underdog,player_threes,Jalen Williams,Under,1.5,-137
192,Underdog,player_threes,Isaiah Joe,Over,0.5,-137
193,Underdog,player_threes,Isaiah Joe,Under,0.5,-137
194,Underdog,player_threes,Ben Sheppard,Over,0.5,-137
195,Underdog,player_threes,Ben Sheppard,Under,0.5,-137
196,DraftKings Pick6,player_threes,Jalen Williams,Over,1.5,-137
197,DraftKings Pick6,player_threes,Jalen Williams,Under,1.5,-137
198,DraftKings Pick6,player_threes,Myles Turner,Over,1.5,-137
199,DraftKings Pick6,player_threes,Myles Turner,Under,1.5,-137
200,DraftKings Pick6,player_threes,Bennedict Mathurin,Over,0.5,-137
201,DraftKings Pick6,player_threes,Bennedict Mathurin,Under,0.5,-137
202,DraftKings Pick6,player_threes,Tyrese Haliburton,Over,2.5,-137
203,DraftKings Pick6,player_threes,Tyrese Haliburton,Under,2.5,-137
204,DraftKings Pick6,player_threes,Alex Caruso,Over,1.5,-137
205,DraftKings Pick6,player_threes,Alex Caruso,Under,1.5,-137
206,DraftKings Pick6,player_threes,Ben Sheppard,Over,0.5,-137
207,DraftKings Pick6,player_threes,Ben Sheppard,Under,0.5,-137
208,DraftKings Pick6,player_threes,Shai Gilgeous-Alexander,Over,1.5,-137
209,DraftKings Pick6,player_threes,Shai Gilgeous-Alexander,Under,1.5,-137
210,DraftKings Pick6,player_threes,Aaron Wiggins,Over,0.5,-137
211,DraftKings Pick6,player_threes,Aaron Wiggins,Under,0.5,-137
212,DraftKings Pick6,player_threes,Isaiah Joe,Over,0.5,-137
213,DraftKings Pick6,player_threes,Isaiah Joe,Under,0.5,-137
214,DraftKings Pick6,player_threes,Cason Wallace,Over,0.5,-137
215,DraftKings Pick6,player_threes,Cason Wallace,Under,0.5,-137
216,PrizePicks,player_blocks,Tyrese Haliburton,Over,0.5,-137
217,PrizePicks,player_blocks,Tyrese Haliburton,Under,0.5,-137
218,PrizePicks,player_blocks,Pascal Siakam,Over,0.5,-137
219,PrizePicks,player_blocks,Pascal Siakam,Under,0.5,-137
220,PrizePicks,player_blocks,Chet Holmgren,Over,1.5,-137
221,PrizePicks,player_blocks,Chet Holmgren,Under,1.5,-137
222,Underdog,player_blocks,Chet Holmgren,Over,1.5,-137
223,Underdog,player_blocks,Chet Holmgren,Under,1.5,-137
224,DraftKings Pick6,player_blocks,Pascal Siakam,Over,0.5,-137
225,DraftKings Pick6,player_blocks,Pascal Siakam,Under,0.5,-137
226,DraftKings Pick6,player_blocks,Aaron Nesmith,Over,0.5,-137
227,DraftKings Pick6,player_blocks,Aaron Nesmith,Under,0.5,-137
228,DraftKings Pick6,player_blocks,Tyrese Haliburton,Over,0.5,-137
229,DraftKings Pick6,player_blocks,Tyrese Haliburton,Under,0.5,-137
230,DraftKings Pick6,player_blocks,Chet Holmgren,Over,1.5,-137
231,DraftKings Pick6,player_blocks,Chet Holmgren,Under,1.5,-137
232,DraftKings Pick6,player_blocks,Alex Caruso,Over,0.5,-137
233,DraftKings Pick6,player_blocks,Alex Caruso,Under,0.5,-137
234,PrizePicks,player_steals,Shai Gilgeous-Alexander,Over,1.5,-137
235,PrizePicks,player_steals,Shai Gilgeous-Alexander,Under,1.5,-137
236,PrizePicks,player_steals,Chet Holmgren,Over,0.5,-137
237,PrizePicks,player_steals,Chet Holmgren,Under,0.5,-137
238,PrizePicks,player_steals,Alex Caruso,Over,1.5,-137
239,PrizePicks,player_steals,Alex Caruso,Under,1.5,-137
240,PrizePicks,player_steals,Isaiah Hartenstein,Over,0.5,-137
241,PrizePicks,player_steals,Isaiah Hartenstein,Under,0.5,-137
242,Underdog,player_steals,Shai Gilgeous-Alexander,Over,1.5,-137
243,Underdog,player_steals,Shai Gilgeous-Alexander,Under,1.5,-137
244,Underdog,player_steals,Alex Caruso,Over,1.5,-137
245,Underdog,player_steals,Alex Caruso,Under,1.5,-137
246,DraftKings Pick6,player_steals,Shai Gilgeous-Alexander,Over,1.5,-137
247,DraftKings Pick6,player_steals,Shai Gilgeous-Alexander,Under,1.5,-137
248,DraftKings Pick6,player_steals,T.J. McConnell,Over,0.5,-137
249,DraftKings Pick6,player_steals,T.J. McConnell,Under,0.5,-137
250,DraftKings Pick6,player_steals,Chet Holmgren,Over,0.5,-137
251,DraftKings Pick6,player_steals,Chet Holmgren,Under,0.5,-137
252,DraftKings Pick6,player_steals,Isaiah Hartenstein,Over,0.5,-137
253,DraftKings Pick6,player_steals,Isaiah Hartenstein,Under,0.5,-137
254,DraftKings Pick6,player_steals,Alex Caruso,Over,1.5,-137
255,DraftKings Pick6,player_steals,Alex Caruso,Under,1.5,-137
256,DraftKings Pick6,player_steals,Aaron Nesmith,Over,0.5,-137
257,DraftKings Pick6,player_steals,Aaron Nesmith,Under,0.5,-137
258,PrizePicks,player_field_goals,Shai Gilgeous-Alexander,Over,12.0,-137
259,PrizePicks,player_field_goals,Shai Gilgeous-Alexander,Under,12.0,-137
260,PrizePicks,player_field_goals,Shai Gilgeous-Alexander,Over,11.5,-137
261,PrizePicks,player_field_goals,Shai Gilgeous-Alexander,Under,11.5,-137
262,PrizePicks,player_field_goals,Tyrese Haliburton,Over,6.5,-137
263,PrizePicks,player_field_goals,Tyrese Haliburton,Under,6.5,-137
264,PrizePicks,player_field_goals,Jalen Williams,Over,8.0,-137
265,PrizePicks,player_field_goals,Jalen Williams,Under,8.0,-137
266,PrizePicks,player_field_goals,Pascal Siakam,Over,7.0,-137
267,PrizePicks,player_field_goals,Pascal Siakam,Under,7.0,-137
268,PrizePicks,player_field_goals,Chet Holmgren,Over,5.5,-137
269,PrizePicks,player_field_goals,Chet Holmgren,Under,5.5,-137
270,PrizePicks,player_field_goals,Myles Turner,Over,5.0,-137
271,PrizePicks,player_field_goals,Myles Turner,Under,5.0,-137
272,PrizePicks,player_field_goals,Andrew Nembhard,Over,4.0,-137
273,PrizePicks,player_field_goals,Andrew Nembhard,Under,4.0,-137
274,PrizePicks,player_field_goals,Cason Wallace,Over,2.5,-137
275,PrizePicks,player_field_goals,Cason Wallace,Under,2.5,-137
276,PrizePicks,player_field_goals,Bennedict Mathurin,Over,3.5,-137
277,PrizePicks,player_field_goals,Bennedict Mathurin,Under,3.5,-137
278,PrizePicks,player_threes,Jalen Williams,Over,1.5,-137
279,PrizePicks,player_threes,Jalen Williams,Under,1.5,-137
280,PrizePicks,player_threes,Alex Caruso,Over,1.5,-137
281,PrizePicks,player_threes,Alex Caruso,Under,1.5,-137
282,PrizePicks,player_threes,Isaiah Joe,Over,0.5,-137
283,PrizePicks,player_threes,Isaiah Joe,Under,0.5,-137
284,Underdog,player_threes,Tyrese Haliburton,Over,2.5,-137
285,Underdog,player_threes,Tyrese Haliburton,Under,2.5,-137
286,Underdog,player_threes,Jalen Williams,Over,1.5,-137
287,Underdog,player_threes,Jalen Williams,Under,1.5,-137
288,Underdog,player_threes,Isaiah Joe,Over,0.5,-137
289,Underdog,player_threes,Isaiah Joe,Under,0.5,-137
290,Underdog,player_threes,Ben Sheppard,Over,0.5,-137
291,Underdog,player_threes,Ben Sheppard,Under,0.5,-137
292,DraftKings Pick6,player_threes,Jalen Williams,Over,1.5,-137
293,DraftKings Pick6,player_threes,Jalen Williams,Under,1.5,-137
294,DraftKings Pick6,player_threes,Myles Turner,Over,1.5,-137
295,DraftKings Pick6,player_threes,Myles Turner,Under,1.5,-137
296,DraftKings Pick6,player_threes,Bennedict Mathurin,Over,0.5,-137
297,DraftKings Pick6,player_threes,Bennedict Mathurin,Under,0.5,-137
298,DraftKings Pick6,player_threes,Tyrese Haliburton,Over,2.5,-137
299,DraftKings Pick6,player_threes,Tyrese Haliburton,Under,2.5,-137
300,DraftKings Pick6,player_threes,Alex Caruso,Over,1.5,-137
301,DraftKings Pick6,player_threes,Alex Caruso,Under,1.5,-137
302,DraftKings Pick6,player_threes,Ben Sheppard,Over,0.5,-137
303,DraftKings Pick6,player_threes,Ben Sheppard,Under,0.5,-137
304,DraftKings Pick6,player_threes,Shai Gilgeous-Alexander,Over,1.5,-137
305,DraftKings Pick6,player_threes,Shai Gilgeous-Alexander,Under,1.5,-137
306,DraftKings Pick6,player_threes,Aaron Wiggins,Over,0.5,-137
307,DraftKings Pick6,player_threes,Aaron Wiggins,Under,0.5,-137
308,DraftKings Pick6,player_threes,Isaiah Joe,Over,0.5,-137
309,DraftKings Pick6,player_threes,Isaiah Joe,Under,0.5,-137
310,DraftKings Pick6,player_threes,Cason Wallace,Over,0.5,-137
311,DraftKings Pick6,player_threes,Cason Wallace,Under,0.5,-137
312,PrizePicks,player_frees_made,Shai Gilgeous-Alexander,Over,8.0,-137
313,PrizePicks,player_frees_made,Shai Gilgeous-Alexander,Under,8.0,-137
314,PrizePicks,player_frees_made,Jalen Williams,Over,4.5,-137
315,PrizePicks,player_frees_made,Jalen Williams,Under,4.5,-137
316,PrizePicks,player_frees_made,Pascal Siakam,Over,4.0,-137
317,PrizePicks,player_frees_made,Pascal Siakam,Under,4.0,-137
318,PrizePicks,player_frees_made,Chet Holmgren,Over,3.0,-137
319,PrizePicks,player_frees_made,Chet Holmgren,Under,3.0,-137
320,PrizePicks,player_frees_made,Myles Turner,Over,2.5,-137
321,PrizePicks,player_frees_made,Myles Turner,Under,2.5,-137
322,PrizePicks,player_frees_made,Alex Caruso,Over,1.5,-137
323,PrizePicks,player_frees_made,Alex Caruso,Under,1.5,-137
324,PrizePicks,player_frees_made,Andrew Nembhard,Over,1.5,-137
325,PrizePicks,player_frees_made,Andrew Nembhard,Under,1.5,-137
326,PrizePicks,player_frees_made,Aaron Nesmith,Over,1.5,-137
327,PrizePicks,player_frees_made,Aaron Nesmith,Under,1.5,-137
328,PrizePicks,player_frees_made,Bennedict Mathurin,Over,3.0,-137
329,PrizePicks,player_frees_made,Bennedict Mathurin,Under,3.0,-137
330,PrizePicks,player_frees_made,Obi Toppin,Over,0.5,-137
331,PrizePicks,player_frees_made,Obi Toppin,Under,0.5,-137
332,PrizePicks,player_frees_attempts,Shai Gilgeous-Alexander,Over,9.5,-137
333,PrizePicks,player_frees_attempts,Shai Gilgeous-Alexander,Under,9.5,-137
334,PrizePicks,player_frees_attempts,Tyrese Haliburton,Over,2.5,-137
335,PrizePicks,player_frees_attempts,Tyrese Haliburton,Under,2.5,-137
336,PrizePicks,player_frees_attempts,Pascal Siakam,Over,6.0,-137
337,PrizePicks,player_frees_attempts,Pascal Siakam,Under,6.0,-137
338,PrizePicks,player_frees_attempts,Chet Holmgren,Over,4.0,-137
339,PrizePicks,player_frees_attempts,Chet Holmgren,Under,4.0,-137
340,PrizePicks,player_frees_attempts,Myles Turner,Over,3.5,-137
341,PrizePicks,player_frees_attempts,Myles Turner,Under,3.5,-137
342,PrizePicks,player_frees_attempts,Luguentz Dort,Over,0.5,-137
343,PrizePicks,player_frees_attempts,Luguentz Dort,Under,0.5,-137
344,PrizePicks,player_frees_attempts,Isaiah Hartenstein,Over,0.5,-137
345,PrizePicks,player_frees_attempts,Isaiah Hartenstein,Under,0.5,-137
346,PrizePicks,player_frees_attempts,Obi Toppin,Over,1.5,-137
347,PrizePicks,player_frees_attempts,Obi Toppin,Under,1.5,-137
348,PrizePicks,player_points_rebounds_assists,Shai Gilgeous-Alexander,Over,46.5,-137
349,PrizePicks,player_points_rebounds_assists,Shai Gilgeous-Alexander,Under,46.5,-137
350,PrizePicks,player_points_rebounds_assists,Tyrese Haliburton,Over,32.5,-137
351,PrizePicks,player_points_rebounds_assists,Tyrese Haliburton,Under,32.5,-137
352,PrizePicks,player_points_rebounds_assists,Jalen Williams,Over,33.5,-137
353,PrizePicks,player_points_rebounds_assists,Jalen Williams,Under,33.5,-137
354,PrizePicks,player_points_rebounds_assists,Pascal Siakam,Over,29.5,-137
355,PrizePicks,player_points_rebounds_assists,Pascal Siakam,Under,29.5,-137
356,PrizePicks,player_points_rebounds_assists,Chet Holmgren,Over,26.0,-137
357,PrizePicks,player_points_rebounds_assists,Chet Holmgren,Under,26.0,-137
358,PrizePicks,player_points_rebounds_assists,Myles Turner,Over,20.5,-137
359,PrizePicks,player_points_rebounds_assists,Myles Turner,Under,20.5,-137
360,PrizePicks,player_points_rebounds_assists,Alex Caruso,Over,16.5,-137
361,PrizePicks,player_points_rebounds_assists,Alex Caruso,Under,16.5,-137
362,PrizePicks,player_points_rebounds_assists,Andrew Nembhard,Over,18.5,-137
363,PrizePicks,player_points_rebounds_assists,Andrew Nembhard,Under,18.5,-137
364,PrizePicks,player_points_rebounds_assists,Luguentz Dort,Over,13.5,-137
365,PrizePicks,player_points_rebounds_assists,Luguentz Dort,Under,13.5,-137
366,PrizePicks,player_points_rebounds_assists,Aaron Nesmith,Over,17.5,-137
367,PrizePicks,player_points_rebounds_assists,Aaron Nesmith,Under,17.5,-137
368,PrizePicks,player_points_rebounds_assists,Isaiah Hartenstein,Over,15.0,-137
369,PrizePicks,player_points_rebounds_assists,Isaiah Hartenstein,Under,15.0,-137
370,PrizePicks,player_points_rebounds_assists,T.J. McConnell,Over,13.5,-137
371,PrizePicks,player_points_rebounds_assists,T.J. McConnell,Under,13.5,-137
372,PrizePicks,player_points_rebounds_assists,Cason Wallace,Over,10.5,-137
373,PrizePicks,player_points_rebounds_assists,Cason Wallace,Under,10.5,-137
374,PrizePicks,player_points_rebounds_assists,Bennedict Mathurin,Over,14.5,-137
375,PrizePicks,player_points_rebounds_assists,Bennedict Mathurin,Under,14.5,-137
376,PrizePicks,player_points_rebounds_assists,Aaron Wiggins,Over,8.5,-137
377,PrizePicks,player_points_rebounds_assists,Aaron Wiggins,Under,8.5,-137
378,PrizePicks,player_points_rebounds_assists,Obi Toppin,Over,15.5,-137
379,PrizePicks,player_points_rebounds_assists,Obi Toppin,Under,15.5,-137
380,PrizePicks,player_points_rebounds_assists,Ben Sheppard,Over,5.5,-137
381,PrizePicks,player_points_rebounds_assists,Ben Sheppard,Under,5.5,-137
382,Underdog,player_points_rebounds_assists,Tyrese Haliburton,Over,32.5,-137
383,Underdog,player_points_rebounds_assists,Tyrese Haliburton,Under,32.5,-137
384,Underdog,player_points_rebounds_assists,Shai Gilgeous-Alexander,Over,46.5,-137
385,Underdog,player_points_rebounds_assists,Shai Gilgeous-Alexander,Under,46.5,-137
386,Underdog,player_points_rebounds_assists,Pascal Siakam,Over,29.5,-137
387,Underdog,player_points_rebounds_assists,Pascal Siakam,Under,29.5,-137
388,Underdog,player_points_rebounds_assists,Chet Holmgren,Over,25.5,-137
389,Underdog,player_points_rebounds_assists,Chet Holmgren,Under,25.5,-137
390,Underdog,player_points_rebounds_assists,Jalen Williams,Over,33.5,-137
391,Underdog,player_points_rebounds_assists,Jalen Williams,Under,33.5,-137
392,Underdog,player_points_rebounds_assists,Myles Turner,Over,20.5,-137
393,Underdog,player_points_rebounds_assists,Myles Turner,Under,20.5,-137
394,Underdog,player_points_rebounds_assists,Alex Caruso,Over,16.5,-137
395,Underdog,player_points_rebounds_assists,Alex Caruso,Under,16.5,-137
396,Underdog,player_points_rebounds_assists,Luguentz Dort,Over,13.5,-137
397,Underdog,player_points_rebounds_assists,Luguentz Dort,Under,13.5,-137
398,Underdog,player_points_rebounds_assists,T.J. McConnell,Over,13.5,-137
399,Underdog,player_points_rebounds_assists,T.J. McConnell,Under,13.5,-137
400,Underdog,player_points_rebounds_assists,Aaron Wiggins,Over,8.5,-137
401,Underdog,player_points_rebounds_assists,Aaron Wiggins,Under,8.5,-137
402,Underdog,player_points_rebounds_assists,Obi Toppin,Over,15.5,-137
403,Underdog,player_points_rebounds_assists,Obi Toppin,Under,15.5,-137
404,Underdog,player_points_rebounds_assists,Ben Sheppard,Over,5.5,-137
405,Underdog,player_points_rebounds_assists,Ben Sheppard,Under,5.5,-137
406,DraftKings Pick6,player_points_rebounds_assists,Tyrese Haliburton,Over,32.5,-137
407,DraftKings Pick6,player_points_rebounds_assists,Tyrese Haliburton,Under,32.5,-137
408,DraftKings Pick6,player_points_rebounds_assists,Aaron Wiggins,Over,8.5,-137
409,DraftKings Pick6,player_points_rebounds_assists,Aaron Wiggins,Under,8.5,-137
410,DraftKings Pick6,player_points_rebounds_assists,Myles Turner,Over,20.5,-137
411,DraftKings Pick6,player_points_rebounds_assists,Myles Turner,Under,20.5,-137
412,DraftKings Pick6,player_points_rebounds_assists,Alex Caruso,Over,16.5,-137
413,DraftKings Pick6,player_points_rebounds_assists,Alex Caruso,Under,16.5,-137
414,DraftKings Pick6,player_points_rebounds_assists,Shai Gilgeous-Alexander,Over,46.5,-137
415,DraftKings Pick6,player_points_rebounds_assists,Shai Gilgeous-Alexander,Under,46.5,-137
416,DraftKings Pick6,player_points_rebounds_assists,Aaron Nesmith,Over,17.5,-137
417,DraftKings Pick6,player_points_rebounds_assists,Aaron Nesmith,Under,17.5,-137
418,DraftKings Pick6,player_points_rebounds_assists,Bennedict Mathurin,Over,14.5,-137
419,DraftKings Pick6,player_points_rebounds_assists,Bennedict Mathurin,Under,14.5,-137
420,DraftKings Pick6,player_points_rebounds_assists,T.J. McConnell,Over,13.5,-137
421,DraftKings Pick6,player_points_rebounds_assists,T.J. McConnell,Under,13.5,-137
422,DraftKings Pick6,player_points_rebounds_assists,Jalen Williams,Over,32.5,-137
423,DraftKings Pick6,player_points_rebounds_assists,Jalen Williams,Under,32.5,-137
424,DraftKings Pick6,player_points_rebounds_assists,Isaiah Hartenstein,Over,14.5,-137
425,DraftKings Pick6,player_points_rebounds_assists,Isaiah Hartenstein,Under,14.5,-137
426,DraftKings Pick6,player_points_rebounds_assists,Pascal Siakam,Over,29.5,-137
427,DraftKings Pick6,player_points_rebounds_assists,Pascal Siakam,Under,29.5,-137
428,DraftKings Pick6,player_points_rebounds_assists,Chet Holmgren,Over,25.5,-137
429,DraftKings Pick6,player_points_rebounds_assists,Chet Holmgren,Under,25.5,-137
430,DraftKings Pick6,player_points_rebounds_assists,Obi Toppin,Over,15.5,-137
431,DraftKings Pick6,player_points_rebounds_assists,Obi Toppin,Under,15.5,-137
432,DraftKings Pick6,player_points_rebounds_assists,Cason Wallace,Over,10.5,-137
433,DraftKings Pick6,player_points_rebounds_assists,Cason Wallace,Under,10.5,-137
434,DraftKings Pick6,player_points_rebounds_assists,Luguentz Dort,Over,13.5,-137
435,DraftKings Pick6,player_points_rebounds_assists,Luguentz Dort,Under,13.5,-137
436,DraftKings Pick6,player_points_rebounds_assists,Andrew Nembhard,Over,18.5,-137
437,DraftKings Pick6,player_points_rebounds_assists,Andrew Nembhard,Under,18.5,-137
438,DraftKings Pick6,player_points_rebounds_assists,Pascal Siakam,Over,29.5,-137
439,PrizePicks,player_points_rebounds,Shai Gilgeous-Alexander,Over,39.5,-137
440,PrizePicks,player_points_rebounds,Shai Gilgeous-Alexander,Under,39.5,-137
441,PrizePicks,player_points_rebounds,Tyrese Haliburton,Over,23.5,-137
442,PrizePicks,player_points_rebounds,Tyrese Haliburton,Under,23.5,-137
443,PrizePicks,player_points_rebounds,Jalen Williams,Over,28.0,-137
444,PrizePicks,player_points_rebounds,Jalen Williams,Under,28.0,-137
445,PrizePicks,player_points_rebounds,Pascal Siakam,Over,26.5,-137
446,PrizePicks,player_points_rebounds,Pascal Siakam,Under,26.5,-137
447,PrizePicks,player_points_rebounds,Chet Holmgren,Over,24.5,-137
448,PrizePicks,player_points_rebounds,Chet Holmgren,Under,24.5,-137
449,PrizePicks,player_points_rebounds,Myles Turner,Over,19.5,-137
450,PrizePicks,player_points_rebounds,Myles Turner,Under,19.5,-137
451,PrizePicks,player_points_rebounds,Alex Caruso,Over,13.5,-137
452,PrizePicks,player_points_rebounds,Alex Caruso,Under,13.5,-137
453,PrizePicks,player_points_rebounds,Andrew Nembhard,Over,14.0,-137
454,PrizePicks,player_points_rebounds,Andrew Nembhard,Under,14.0,-137
455,PrizePicks,player_points_rebounds,Luguentz Dort,Over,12.5,-137
456,PrizePicks,player_points_rebounds,Luguentz Dort,Under,12.5,-137
457,PrizePicks,player_points_rebounds,Aaron Nesmith,Over,16.5,-137
458,PrizePicks,player_points_rebounds,Aaron Nesmith,Under,16.5,-137
459,PrizePicks,player_points_rebounds,Isaiah Hartenstein,Over,13.0,-137
460,PrizePicks,player_points_rebounds,Isaiah Hartenstein,Under,13.0,-137
461,PrizePicks,player_points_rebounds,T.J. McConnell,Over,9.5,-137
462,PrizePicks,player_points_rebounds,T.J. McConnell,Under,9.5,-137
463,PrizePicks,player_points_rebounds,Cason Wallace,Over,8.5,-137
464,PrizePicks,player_points_rebounds,Cason Wallace,Under,8.5,-137
465,PrizePicks,player_points_rebounds,Bennedict Mathurin,Over,13.5,-137
466,PrizePicks,player_points_rebounds,Bennedict Mathurin,Under,13.5,-137
467,PrizePicks,player_points_rebounds,Aaron Wiggins,Over,7.5,-137
468,PrizePicks,player_points_rebounds,Aaron Wiggins,Under,7.5,-137
469,PrizePicks,player_points_rebounds,Obi Toppin,Over,14.5,-137
470,PrizePicks,player_points_rebounds,Obi Toppin,Under,14.5,-137
471,Underdog,player_points_rebounds,Tyrese Haliburton,Over,23.5,-137
472,Underdog,player_points_rebounds,Tyrese Haliburton,Under,23.5,-137
473,Underdog,player_points_rebounds,Shai Gilgeous-Alexander,Over,39.5,-137
474,Underdog,player_points_rebounds,Shai Gilgeous-Alexander,Under,39.5,-137
475,Underdog,player_points_rebounds,Pascal Siakam,Over,26.5,-137
476,Underdog,player_points_rebounds,Pascal Siakam,Under,26.5,-137
477,Underdog,player_points_rebounds,Chet Holmgren,Over,24.5,-137
478,Underdog,player_points_rebounds,Chet Holmgren,Under,24.5,-137
479,Underdog,player_points_rebounds,Myles Turner,Over,19.5,-137
480,Underdog,player_points_rebounds,Myles Turner,Under,19.5,-137
481,Underdog,player_points_rebounds,Alex Caruso,Over,13.5,-137
482,Underdog,player_points_rebounds,Alex Caruso,Under,13.5,-137
483,Underdog,player_points_rebounds,Aaron Nesmith,Over,16.5,-137
484,Underdog,player_points_rebounds,Aaron Nesmith,Under,16.5,-137
485,Underdog,player_points_rebounds,T.J. McConnell,Over,9.5,-137
486,Underdog,player_points_rebounds,T.J. McConnell,Under,9.5,-137
487,Underdog,player_points_rebounds,Aaron Wiggins,Over,7.5,-137
488,Underdog,player_points_rebounds,Aaron Wiggins,Under,7.5,-137
489,DraftKings Pick6,player_points_rebounds,Obi Toppin,Over,14.5,-137
490,DraftKings Pick6,player_points_rebounds,Obi Toppin,Under,14.5,-137
491,DraftKings Pick6,player_points_rebounds,Cason Wallace,Over,8.5,-137
492,DraftKings Pick6,player_points_rebounds,Cason Wallace,Under,8.5,-137
493,DraftKings Pick6,player_points_rebounds,Chet Holmgren,Over,24.5,-137
494,DraftKings Pick6,player_points_rebounds,Chet Holmgren,Under,24.5,-137
495,DraftKings Pick6,player_points_rebounds,Isaiah Hartenstein,Over,12.5,-137
496,DraftKings Pick6,player_points_rebounds,Isaiah Hartenstein,Under,12.5,-137
497,DraftKings Pick6,player_points_rebounds,Andrew Nembhard,Over,14.5,-137
498,DraftKings Pick6,player_points_rebounds,Andrew Nembhard,Under,14.5,-137
499,DraftKings Pick6,player_points_rebounds,T.J. McConnell,Over,9.5,-137
500,DraftKings Pick6,player_points_rebounds,T.J. McConnell,Under,9.5,-137
501,DraftKings Pick6,player_points_rebounds,Alex Caruso,Over,13.5,-137
502,DraftKings Pick6,player_points_rebounds,Alex Caruso,Under,13.5,-137
503,DraftKings Pick6,player_points_rebounds,Shai Gilgeous-Alexander,Over,39.5,-137
504,DraftKings Pick6,player_points_rebounds,Shai Gilgeous-Alexander,Under,39.5,-137
505,DraftKings Pick6,player_points_rebounds,Myles Turner,Over,19.5,-137
506,DraftKings Pick6,player_points_rebounds,Myles Turner,Under,19.5,-137
507,DraftKings Pick6,player_points_rebounds,Luguentz Dort,Over,12.5,-137
508,DraftKings Pick6,player_points_rebounds,Luguentz Dort,Under,12.5,-137
509,DraftKings Pick6,player_points_rebounds,Pascal Siakam,Over,25.5,-137
510,DraftKings Pick6,player_points_rebounds,Pascal Siakam,Under,25.5,-137
511,DraftKings Pick6,player_points_rebounds,Jalen Williams,Over,27.5,-137
512,DraftKings Pick6,player_points_rebounds,Jalen Williams,Under,27.5,-137
513,DraftKings Pick6,player_points_rebounds,Bennedict Mathurin,Over,13.5,-137
514,DraftKings Pick6,player_points_rebounds,Bennedict Mathurin,Under,13.5,-137
515,DraftKings Pick6,player_points_rebounds,Aaron Nesmith,Over,16.5,-137
516,DraftKings Pick6,player_points_rebounds,Aaron Nesmith,Under,16.5,-137
517,DraftKings Pick6,player_points_rebounds,Aaron Wiggins,Over,7.5,-137
518,DraftKings Pick6,player_points_rebounds,Aaron Wiggins,Under,7.5,-137
519,DraftKings Pick6,player_points_rebounds,Tyrese Haliburton,Over,23.5,-137
520,DraftKings Pick6,player_points_rebounds,Tyrese Haliburton,Under,23.5,-137
521,PrizePicks,player_points_assists,Shai Gilgeous-Alexander,Over,40.5,-137
522,PrizePicks,player_points_assists,Shai Gilgeous-Alexander,Under,40.5,-137
523,PrizePicks,player_points_assists,Tyrese Haliburton,Over,26.5,-137
524,PrizePicks,player_points_assists,Tyrese Haliburton,Under,26.5,-137
525,PrizePicks,player_points_assists,Jalen Williams,Over,27.5,-137
526,PrizePicks,player_points_assists,Jalen Williams,Under,27.5,-137
527,PrizePicks,player_points_assists,Pascal Siakam,Over,22.5,-137
528,PrizePicks,player_points_assists,Pascal Siakam,Under,22.5,-137
529,PrizePicks,player_points_assists,Chet Holmgren,Over,17.0,-137
530,PrizePicks,player_points_assists,Chet Holmgren,Under,17.0,-137
531,PrizePicks,player_points_assists,Myles Turner,Over,15.0,-137
532,PrizePicks,player_points_assists,Myles Turner,Under,15.0,-137
533,PrizePicks,player_points_assists,Alex Caruso,Over,12.5,-137
534,PrizePicks,player_points_assists,Alex Caruso,Under,12.5,-137
535,PrizePicks,player_points_assists,Andrew Nembhard,Over,15.0,-137
536,PrizePicks,player_points_assists,Andrew Nembhard,Under,15.0,-137
537,PrizePicks,player_points_assists,Luguentz Dort,Over,9.5,-137
538,PrizePicks,player_points_assists,Luguentz Dort,Under,9.5,-137
539,PrizePicks,player_points_assists,Aaron Nesmith,Over,12.5,-137
540,PrizePicks,player_points_assists,Aaron Nesmith,Under,12.5,-137
541,PrizePicks,player_points_assists,Isaiah Hartenstein,Over,8.0,-137
542,PrizePicks,player_points_assists,Isaiah Hartenstein,Under,8.0,-137
543,PrizePicks,player_points_assists,T.J. McConnell,Over,11.5,-137
544,PrizePicks,player_points_assists,T.J. McConnell,Under,11.5,-137
545,PrizePicks,player_points_assists,Cason Wallace,Over,7.5,-137
546,PrizePicks,player_points_assists,Cason Wallace,Under,7.5,-137
547,PrizePicks,player_points_assists,Bennedict Mathurin,Over,11.5,-137
548,PrizePicks,player_points_assists,Bennedict Mathurin,Under,11.5,-137
549,PrizePicks,player_points_assists,Aaron Wiggins,Over,6.0,-137
550,PrizePicks,player_points_assists,Aaron Wiggins,Under,6.0,-137
551,PrizePicks,player_points_assists,Obi Toppin,Over,11.0,-137
552,PrizePicks,player_points_assists,Obi Toppin,Under,11.0,-137
553,Underdog,player_points_assists,Tyrese Haliburton,Over,27.5,-137
554,Underdog,player_points_assists,Tyrese Haliburton,Under,27.5,-137
555,Underdog,player_points_assists,Shai Gilgeous-Alexander,Over,40.5,-137
556,Underdog,player_points_assists,Shai Gilgeous-Alexander,Under,40.5,-137
557,Underdog,player_points_assists,Pascal Siakam,Over,22.5,-137
558,Underdog,player_points_assists,Pascal Siakam,Under,22.5,-137
559,Underdog,player_points_assists,Jalen Williams,Over,27.5,-137
560,Underdog,player_points_assists,Jalen Williams,Under,27.5,-137
561,Underdog,player_points_assists,Myles Turner,Over,15.5,-137
562,Underdog,player_points_assists,Myles Turner,Under,15.5,-137
563,Underdog,player_points_assists,Alex Caruso,Over,12.5,-137
564,Underdog,player_points_assists,Alex Caruso,Under,12.5,-137
565,Underdog,player_points_assists,Aaron Nesmith,Over,12.5,-137
566,Underdog,player_points_assists,Aaron Nesmith,Under,12.5,-137
567,Underdog,player_points_assists,Cason Wallace,Over,7.5,-137
568,Underdog,player_points_assists,Cason Wallace,Under,7.5,-137
569,Underdog,player_points_assists,Aaron Wiggins,Over,6.5,-137
570,Underdog,player_points_assists,Aaron Wiggins,Under,6.5,-137
571,DraftKings Pick6,player_points_assists,Cason Wallace,Over,7.5,-137
572,DraftKings Pick6,player_points_assists,Cason Wallace,Under,7.5,-137
573,DraftKings Pick6,player_points_assists,Andrew Nembhard,Over,15.5,-137
574,DraftKings Pick6,player_points_assists,Andrew Nembhard,Under,15.5,-137
575,DraftKings Pick6,player_points_assists,Jalen Williams,Over,26.5,-137
576,DraftKings Pick6,player_points_assists,Jalen Williams,Under,26.5,-137
577,DraftKings Pick6,player_points_assists,Bennedict Mathurin,Over,10.5,-137
578,DraftKings Pick6,player_points_assists,Bennedict Mathurin,Under,10.5,-137
579,DraftKings Pick6,player_points_assists,T.J. McConnell,Over,11.5,-137
580,DraftKings Pick6,player_points_assists,T.J. McConnell,Under,11.5,-137
581,DraftKings Pick6,player_points_assists,Pascal Siakam,Over,22.5,-137
582,DraftKings Pick6,player_points_assists,Pascal Siakam,Under,22.5,-137
583,DraftKings Pick6,player_points_assists,Alex Caruso,Over,12.5,-137
584,DraftKings Pick6,player_points_assists,Alex Caruso,Under,12.5,-137
585,DraftKings Pick6,player_points_assists,Isaiah Hartenstein,Over,7.5,-137
586,DraftKings Pick6,player_points_assists,Isaiah Hartenstein,Under,7.5,-137
587,DraftKings Pick6,player_points_assists,Chet Holmgren,Over,17.5,-137
588,DraftKings Pick6,player_points_assists,Chet Holmgren,Under,17.5,-137
589,DraftKings Pick6,player_points_assists,Luguentz Dort,Over,9.5,-137
590,DraftKings Pick6,player_points_assists,Luguentz Dort,Under,9.5,-137
591,DraftKings Pick6,player_points_assists,Shai Gilgeous-Alexander,Over,40.5,-137
592,DraftKings Pick6,player_points_assists,Shai Gilgeous-Alexander,Under,40.5,-137
593,DraftKings Pick6,player_points_assists,Myles Turner,Over,15.5,-137
594,DraftKings Pick6,player_points_assists,Myles Turner,Under,15.5,-137
595,DraftKings Pick6,player_points_assists,Aaron Nesmith,Over,12.5,-137
596,DraftKings Pick6,player_points_assists,Aaron Nesmith,Under,12.5,-137
597,DraftKings Pick6,player_points_assists,Tyrese Haliburton,Over,26.5,-137
598,DraftKings Pick6,player_points_assists,Tyrese Haliburton,Under,26.5,-137
599,DraftKings Pick6,player_points_assists,Obi Toppin,Over,10.5,-137
600,DraftKings Pick6,player_points_assists,Obi Toppin,Under,10.5,-137
601,PrizePicks,player_rebounds_assists,Shai Gilgeous-Alexander,Over,12.5,-137
602,PrizePicks,player_rebounds_assists,Shai Gilgeous-Alexander,Under,12.5,-137
603,PrizePicks,player_rebounds_assists,Tyrese Haliburton,Over,14.0,-137
604,PrizePicks,player_rebounds_assists,Tyrese Haliburton,Under,14.0,-137
605,PrizePicks,player_rebounds_assists,Jalen Williams,Over,10.5,-137
606,PrizePicks,player_rebounds_assists,Jalen Williams,Under,10.5,-137
607,PrizePicks,player_rebounds_assists,Pascal Siakam,Over,10.5,-137
608,PrizePicks,player_rebounds_assists,Pascal Siakam,Under,10.5,-137
609,PrizePicks,player_rebounds_assists,Chet Holmgren,Over,10.0,-137
610,PrizePicks,player_rebounds_assists,Chet Holmgren,Under,10.0,-137
611,PrizePicks,player_rebounds_assists,Myles Turner,Over,6.5,-137
612,PrizePicks,player_rebounds_assists,Myles Turner,Under,6.5,-137
613,PrizePicks,player_rebounds_assists,Alex Caruso,Over,6.5,-137
614,PrizePicks,player_rebounds_assists,Alex Caruso,Under,6.5,-137
615,PrizePicks,player_rebounds_assists,Andrew Nembhard,Over,8.0,-137
616,PrizePicks,player_rebounds_assists,Andrew Nembhard,Under,8.0,-137
617,PrizePicks,player_rebounds_assists,Aaron Nesmith,Over,5.5,-137
618,PrizePicks,player_rebounds_assists,Aaron Nesmith,Under,5.5,-137
619,PrizePicks,player_rebounds_assists,Isaiah Hartenstein,Over,8.5,-137
620,PrizePicks,player_rebounds_assists,Isaiah Hartenstein,Under,8.5,-137
621,PrizePicks,player_rebounds_assists,T.J. McConnell,Over,6.0,-137
622,PrizePicks,player_rebounds_assists,T.J. McConnell,Under,6.0,-137
623,PrizePicks,player_rebounds_assists,Cason Wallace,Over,4.5,-137
624,PrizePicks,player_rebounds_assists,Cason Wallace,Under,4.5,-137
625,PrizePicks,player_rebounds_assists,Obi Toppin,Over,6.0,-137
626,PrizePicks,player_rebounds_assists,Obi Toppin,Under,6.0,-137
627,Underdog,player_rebounds_assists,Shai Gilgeous-Alexander,Over,12.5,-137
628,Underdog,player_rebounds_assists,Shai Gilgeous-Alexander,Under,12.5,-137
629,Underdog,player_rebounds_assists,Jalen Williams,Over,10.5,-137
630,Underdog,player_rebounds_assists,Jalen Williams,Under,10.5,-137
631,Underdog,player_rebounds_assists,Alex Caruso,Over,6.5,-137
632,Underdog,player_rebounds_assists,Alex Caruso,Under,6.5,-137
633,DraftKings Pick6,player_rebounds_assists,Cason Wallace,Over,4.5,-137
634,DraftKings Pick6,player_rebounds_assists,Cason Wallace,Under,4.5,-137
635,DraftKings Pick6,player_rebounds_assists,Isaiah Hartenstein,Over,8.5,-137
636,DraftKings Pick6,player_rebounds_assists,Isaiah Hartenstein,Under,8.5,-137
637,DraftKings Pick6,player_rebounds_assists,Andrew Nembhard,Over,7.5,-137
638,DraftKings Pick6,player_rebounds_assists,Andrew Nembhard,Under,7.5,-137
639,DraftKings Pick6,player_rebounds_assists,T.J. McConnell,Over,5.5,-137
640,DraftKings Pick6,player_rebounds_assists,T.J. McConnell,Under,5.5,-137
641,DraftKings Pick6,player_rebounds_assists,Shai Gilgeous-Alexander,Over,12.5,-137
642,DraftKings Pick6,player_rebounds_assists,Shai Gilgeous-Alexander,Under,12.5,-137
643,DraftKings Pick6,player_rebounds_assists,Tyrese Haliburton,Over,14.5,-137
644,DraftKings Pick6,player_rebounds_assists,Tyrese Haliburton,Under,14.5,-137
645,DraftKings Pick6,player_rebounds_assists,Chet Holmgren,Over,10.5,-137
646,DraftKings Pick6,player_rebounds_assists,Chet Holmgren,Under,10.5,-137
647,DraftKings Pick6,player_rebounds_assists,Luguentz Dort,Over,4.5,-137
648,DraftKings Pick6,player_rebounds_assists,Luguentz Dort,Under,4.5,-137
649,DraftKings Pick6,player_rebounds_assists,Jalen Williams,Over,10.5,-137
650,DraftKings Pick6,player_rebounds_assists,Jalen Williams,Under,10.5,-137
651,DraftKings Pick6,player_rebounds_assists,Pascal Siakam,Over,10.5,-137
652,DraftKings Pick6,player_rebounds_assists,Pascal Siakam,Under,10.5,-137
653,DraftKings Pick6,player_rebounds_assists,Myles Turner,Over,6.5,-137
654,DraftKings Pick6,player_rebounds_assists,Myles Turner,Under,6.5,-137
655,DraftKings Pick6,player_rebounds_assists,Obi Toppin,Over,6.5,-137
656,DraftKings Pick6,player_rebounds_assists,Obi Toppin,Under,6.5,-137
657,DraftKings Pick6,player_rebounds_assists,Aaron Nesmith,Over,5.5,-137
658,DraftKings Pick6,player_rebounds_assists,Aaron Nesmith,Under,5.5,-137
659,DraftKings Pick6,player_rebounds_assists,Alex Caruso,Over,6.5,-137
660,DraftKings Pick6,player_rebounds_assists,Alex Caruso,Under,6.5,-137
661,PrizePicks,player_turnovers,Shai Gilgeous-Alexander,Over,2.5,-137
662,PrizePicks,player_turnovers,Shai Gilgeous-Alexander,Under,2.5,-137
663,PrizePicks,player_turnovers,Tyrese Haliburton,Over,2.5,-137
664,PrizePicks,player_turnovers,Tyrese Haliburton,Under,2.5,-137
665,PrizePicks,player_turnovers,T.J. McConnell,Over,1.5,-137
666,PrizePicks,player_turnovers,T.J. McConnell,Under,1.5,-137
667,Underdog,player_turnovers,Tyrese Haliburton,Over,2.5,-137
668,Underdog,player_turnovers,Tyrese Haliburton,Under,2.5,-137
669,DraftKings Pick6,player_blocks_steals,Cason Wallace,Over,1.5,-137
670,DraftKings Pick6,player_blocks_steals,Cason Wallace,Under,1.5,-137
671,DraftKings Pick6,player_blocks_steals,Pascal Siakam,Over,1.5,-137
672,DraftKings Pick6,player_blocks_steals,Pascal Siakam,Under,1.5,-137
673,DraftKings Pick6,player_blocks_steals,Myles Turner,Over,2.5,-137
674,DraftKings Pick6,player_blocks_steals,Myles Turner,Under,2.5,-137
675,DraftKings Pick6,player_blocks_steals,Luguentz Dort,Over,1.5,-137
676,DraftKings Pick6,player_blocks_steals,Luguentz Dort,Under,1.5,-137
677,DraftKings Pick6,player_blocks_steals,Shai Gilgeous-Alexander,Over,2.5,-137
678,DraftKings Pick6,player_blocks_steals,Shai Gilgeous-Alexander,Under,2.5,-137
679,DraftKings Pick6,player_blocks_steals,Chet Holmgren,Over,2.5,-137
680,DraftKings Pick6,player_blocks_steals,Chet Holmgren,Under,2.5,-137
